-- MySQL dump 10.13  Distrib 5.1.61, for redhat-linux-gnu (x86_64)
--
-- Host: localhost    Database: ptarmigan
-- ------------------------------------------------------
-- Server version	5.1.61

/*!40101 SET @OLD_CHARACTER_SET_CLIENT=@@CHARACTER_SET_CLIENT */;
/*!40101 SET @OLD_CHARACTER_SET_RESULTS=@@CHARACTER_SET_RESULTS */;
/*!40101 SET @OLD_COLLATION_CONNECTION=@@COLLATION_CONNECTION */;
/*!40101 SET NAMES utf8 */;
/*!40103 SET @OLD_TIME_ZONE=@@TIME_ZONE */;
/*!40103 SET TIME_ZONE='+00:00' */;
/*!40014 SET @OLD_UNIQUE_CHECKS=@@UNIQUE_CHECKS, UNIQUE_CHECKS=0 */;
/*!40014 SET @OLD_FOREIGN_KEY_CHECKS=@@FOREIGN_KEY_CHECKS, FOREIGN_KEY_CHECKS=0 */;
/*!40101 SET @OLD_SQL_MODE=@@SQL_MODE, SQL_MODE='NO_AUTO_VALUE_ON_ZERO' */;
/*!40111 SET @OLD_SQL_NOTES=@@SQL_NOTES, SQL_NOTES=0 */;

--
-- Table structure for table `administrators`
--

DROP TABLE IF EXISTS `administrators`;
/*!40101 SET @saved_cs_client     = @@character_set_client */;
/*!40101 SET character_set_client = utf8 */;
CREATE TABLE `administrators` (
  `id` varchar(255) NOT NULL,
  PRIMARY KEY (`id`)
) ENGINE=MyISAM DEFAULT CHARSET=latin1;
/*!40101 SET character_set_client = @saved_cs_client */;

--
-- Dumping data for table `administrators`
--

LOCK TABLES `administrators` WRITE;
/*!40000 ALTER TABLE `administrators` DISABLE KEYS */;
INSERT INTO `administrators` VALUES ('8FECE7AE-0B7D-1913-1C031E8DA48053FE'),('E16A568A-F500-CADB-F6B7578EEE58104E'),('EE66C525-C678-D7EE-2083D7A896E977F6'),('EE760207-FD54-269C-C9DCDBCF4949366D'),('F047A2BB-A246-9FDE-745DC7523377C14E');
/*!40000 ALTER TABLE `administrators` ENABLE KEYS */;
UNLOCK TABLES;

--
-- Table structure for table `assignments`
--

DROP TABLE IF EXISTS `assignments`;
/*!40101 SET @saved_cs_client     = @@character_set_client */;
/*!40101 SET character_set_client = utf8 */;
CREATE TABLE `assignments` (
  `id` varchar(255) NOT NULL,
  `task_id` varchar(255) NOT NULL,
  `employee_id` varchar(255) NOT NULL,
  `start_date` date NOT NULL,
  `end_date` date NOT NULL,
  `instructions` text NOT NULL,
  `address` varchar(255) DEFAULT NULL,
  `city` varchar(255) DEFAULT NULL,
  `state` varchar(255) DEFAULT NULL,
  `zip` varchar(5) DEFAULT NULL,
  `latitude` varchar(255) DEFAULT NULL,
  `longitude` varchar(255) DEFAULT NULL,
  `location_preference` tinyint(4) NOT NULL DEFAULT '0' COMMENT '0=address, 1=lat,lon',
  PRIMARY KEY (`id`)
) ENGINE=MyISAM DEFAULT CHARSET=latin1;
/*!40101 SET character_set_client = @saved_cs_client */;

--
-- Dumping data for table `assignments`
--

LOCK TABLES `assignments` WRITE;
/*!40000 ALTER TABLE `assignments` DISABLE KEYS */;
INSERT INTO `assignments` VALUES ('8BDC0CF3-FFA2-749C-71F8BC2585883E30','6015E551-D6FF-C6BA-C2DF364239B568EC','EE760207-FD54-269C-C9DCDBCF4949366D','2012-08-13','2012-08-19','STAKE BUILDING CORNERS USING THE POINTS IN THE DATA COLLECTOR. THE CUT OR FILL IS TO FINISH FLOOR.','301 W. LOHMAN AVE.','LAS CRUCES','NM','88005','','',0),('8FF90FB4-9004-23AB-99986C7298794BA0','6015E551-D6FF-C6BA-C2DF364239B568EC','8FECE7AE-0B7D-1913-1C031E8DA48053FE','2012-08-13','2012-09-01','STAKE BUILDING CORNERS USING THE POINTS IN THE DATA COLLECTOR. THE CUT OR FILL IS TO FINISH FLOOR.','301 W. LOHMAN AVE','LAS CRUCES','NM','88005','','',0),('FCD5F5B4-DED5-4610-EA6D3BE03A4F7576','FCCBE85F-AF1D-5195-BB6A01F7A34C8ED5','EE760207-FD54-269C-C9DCDBCF4949366D','2012-08-16','2012-08-21','RESEARCH PROPERTIES ON COUNTY SITE','1312 EUGENE','LAS CRUCES','NM','88001','','',0),('FCDE1F3B-FDEE-80A2-AE0FBB56263B1D05','FCCEB341-EC75-33DD-09BE95FCB8DB1B92','EE760207-FD54-269C-C9DCDBCF4949366D','2012-08-16','2012-08-21','DRAFT DEED LAYER','1312 EUGENE','LAS CRUCES','NM','88001','','',0),('005264BA-9504-31A8-2B31EEE0F50CF2E2','0043A036-F3E5-1992-D3DD918EABC9114B','EE760207-FD54-269C-C9DCDBCF4949366D','2012-08-17','2012-08-17','PERFORM REMAINDER OF BOUNDARY SURVEY','7486 CORTEZ','LAS CRUCES','NM','88012','','',0),('12B8A80E-A3A9-A11F-FCB5EEFC6828677C','12B0C00F-94D8-A3F8-820F5D519A5EC260','EE760207-FD54-269C-C9DCDBCF4949366D','2012-08-14','2012-08-21','DRAFT THE DEED LAYER','7486 CORTEZ','LAS CRUCES','NM','88012','','',0),('1FEE900C-F2FE-63AB-1370EA4DE1C584A4','600B7B52-F044-5932-D7B7D535C6151133','8FECE7AE-0B7D-1913-1C031E8DA48053FE','2012-08-27','2012-08-28','EAT THE BIG BROWN ONE','905 ALAMO ST.','LAS CRUCES','NM','88001','','',0);
/*!40000 ALTER TABLE `assignments` ENABLE KEYS */;
UNLOCK TABLES;

--
-- Table structure for table `billable_event`
--

DROP TABLE IF EXISTS `billable_event`;
/*!40101 SET @saved_cs_client     = @@character_set_client */;
/*!40101 SET character_set_client = utf8 */;
CREATE TABLE `billable_event` (
  `id` varchar(255) NOT NULL,
  `customer_id` varchar(255) NOT NULL,
  `time_entry_id` varchar(255) NOT NULL,
  `invoiced` tinyint(4) NOT NULL DEFAULT '0',
  PRIMARY KEY (`id`)
) ENGINE=MyISAM DEFAULT CHARSET=latin1;
/*!40101 SET character_set_client = @saved_cs_client */;

--
-- Dumping data for table `billable_event`
--

LOCK TABLES `billable_event` WRITE;
/*!40000 ALTER TABLE `billable_event` DISABLE KEYS */;
/*!40000 ALTER TABLE `billable_event` ENABLE KEYS */;
UNLOCK TABLES;

--
-- Table structure for table `billing_managers`
--

DROP TABLE IF EXISTS `billing_managers`;
/*!40101 SET @saved_cs_client     = @@character_set_client */;
/*!40101 SET character_set_client = utf8 */;
CREATE TABLE `billing_managers` (
  `id` varchar(255) NOT NULL,
  PRIMARY KEY (`id`)
) ENGINE=MyISAM DEFAULT CHARSET=latin1;
/*!40101 SET character_set_client = @saved_cs_client */;

--
-- Dumping data for table `billing_managers`
--

LOCK TABLES `billing_managers` WRITE;
/*!40000 ALTER TABLE `billing_managers` DISABLE KEYS */;
INSERT INTO `billing_managers` VALUES ('E16A568A-F500-CADB-F6B7578EEE58104E'),('EE66C525-C678-D7EE-2083D7A896E977F6'),('EE760207-FD54-269C-C9DCDBCF4949366D'),('F047A2BB-A246-9FDE-745DC7523377C14E'),('F2678927-0C8D-F1E8-7E66EFA002A88E50');
/*!40000 ALTER TABLE `billing_managers` ENABLE KEYS */;
UNLOCK TABLES;

--
-- Table structure for table `customers`
--

DROP TABLE IF EXISTS `customers`;
/*!40101 SET @saved_cs_client     = @@character_set_client */;
/*!40101 SET character_set_client = utf8 */;
CREATE TABLE `customers` (
  `id` varchar(255) NOT NULL,
  `company_name` varchar(255) NOT NULL,
  `poc` varchar(255) NOT NULL,
  `email` varchar(255) NOT NULL,
  `electronic_billing` tinyint(4) NOT NULL,
  `phone_number` varchar(50) NOT NULL,
  PRIMARY KEY (`id`)
) ENGINE=MyISAM DEFAULT CHARSET=latin1;
/*!40101 SET character_set_client = @saved_cs_client */;

--
-- Dumping data for table `customers`
--

LOCK TABLES `customers` WRITE;
/*!40000 ALTER TABLE `customers` DISABLE KEYS */;
INSERT INTO `customers` VALUES ('F5D7B52A-FEC6-3EE3-087210C5182A6F16','ASTRONAUT LLC','IGNACIO VALDES','ivaldes1@gmail.com',1,''),('F5DE3FD7-E532-F882-B49786220C417D36','VISTA EXPERTISE NETWORK','RICK MARSHALL','rick.marshall@vistaexpertise.net',1,''),('F5E29A96-BE64-0EFD-B3C31F81DD0B6C26','FOURTH WATCH SOFTWARE LC','DAVID WICKSELL','dlw@linux.com',1,''),('F5EDA620-B4D0-39D5-A69C104DAA394AB9','A MOUNTAIN CONSTRUCTION','CHRIS SPEDALIERI','',1,''),('F5F0C364-9A25-64AE-1AECE6E29EEFD090','G. SANDOVAL CONSTRUCTION INC.','GABE SANDOVAL','',1,''),('F5F6A23B-EB68-A9D3-26474FF4666854E3','CENTER LINE SERVICES LLC','ANTHONY GUTIERREZ','arguttierrez@gmail.com',1,'575-202-0761'),('F77CC01C-E9B4-FF95-0D0C0231186E2CC2','WESTERN LANDS SURVEYING','VIRGINIA H. BECK','',0,'');
/*!40000 ALTER TABLE `customers` ENABLE KEYS */;
UNLOCK TABLES;

--
-- Table structure for table `employees`
--

DROP TABLE IF EXISTS `employees`;
/*!40101 SET @saved_cs_client     = @@character_set_client */;
/*!40101 SET character_set_client = utf8 */;
CREATE TABLE `employees` (
  `id` varchar(255) NOT NULL,
  `username` varchar(8) NOT NULL,
  `password_hash` varchar(255) NOT NULL,
  `last_name` varchar(50) NOT NULL,
  `middle_initial` varchar(1) DEFAULT NULL,
  `first_name` varchar(50) NOT NULL,
  `hire_date` date DEFAULT NULL,
  `term_date` date DEFAULT NULL,
  `active` tinyint(4) NOT NULL DEFAULT '0',
  `email` varchar(255) NOT NULL,
  `title` varchar(255) NOT NULL,
  `honorific` varchar(10) NOT NULL,
  `suffix` varchar(10) DEFAULT NULL,
  `mail_address` varchar(255) NOT NULL,
  `mail_city` varchar(255) NOT NULL,
  `mail_state` varchar(255) NOT NULL,
  `mail_zip` varchar(255) NOT NULL,
  `work_phone` varchar(255) NOT NULL,
  `home_phone` varchar(255) DEFAULT NULL,
  `mobile_phone` varchar(255) NOT NULL,
  `gender` varchar(1) NOT NULL,
  `clocked_task_code_asgn_id` varchar(255) DEFAULT NULL,
  `clocked_timestamp` datetime DEFAULT NULL,
  `clocked_in` tinyint(4) NOT NULL DEFAULT '0',
  PRIMARY KEY (`id`)
) ENGINE=MyISAM DEFAULT CHARSET=latin1;
/*!40101 SET character_set_client = @saved_cs_client */;

--
-- Dumping data for table `employees`
--

LOCK TABLES `employees` WRITE;
/*!40000 ALTER TABLE `employees` DISABLE KEYS */;
INSERT INTO `employees` VALUES ('EE760207-FD54-269C-C9DCDBCF4949366D','JOLLIS','98BA3C42C6EDD8E34DD14340E70A9FA0','WILLIS','P','JOHN','2010-04-01',NULL,1,'willisjo@zianet.com','FOUNDER','MR.','','905 ALAMO ST.','LAS CRUCES','NM','88001','575-524-1034','575-524-1034','575-649-4318','','00543159-B28C-A782-44E0C71E98DB0A3E','2012-08-17 09:11:29',0),('F2B02F31-A840-CD01-9E6F9777CD869810','JJJS','D41D8CD98F00B204E9800998ECF8427E','JINGLEHEIMER-SCHMIDT','J','JOHN','1964-01-01',NULL,0,'','POOP SCOOPER','MR.','','','','','','','','','',NULL,NULL,0),('8FECE7AE-0B7D-1913-1C031E8DA48053FE','ANCHOMEX','543E83748234F7CBAB21AA0ADE66565F','GUTIERREZ','R','ANTHONY','2012-08-01',NULL,1,'arguttierrez@gmail.com','HEAD HONCHO','MR.','','513 N. MELENDRES','LAS CRUCES','NM','88005','','','5752020761','','8FFF82EC-CEF3-280C-C98AD410BB7C55CE','2012-08-16 01:01:34',0);
/*!40000 ALTER TABLE `employees` ENABLE KEYS */;
UNLOCK TABLES;

--
-- Table structure for table `milestones`
--

DROP TABLE IF EXISTS `milestones`;
/*!40101 SET @saved_cs_client     = @@character_set_client */;
/*!40101 SET character_set_client = utf8 */;
CREATE TABLE `milestones` (
  `id` varchar(255) NOT NULL,
  `project_id` varchar(255) NOT NULL,
  `milestone_number` int(11) NOT NULL,
  `milestone_name` varchar(255) NOT NULL,
  `floating` tinyint(4) NOT NULL DEFAULT '0',
  PRIMARY KEY (`id`)
) ENGINE=MyISAM DEFAULT CHARSET=latin1;
/*!40101 SET character_set_client = @saved_cs_client */;

--
-- Dumping data for table `milestones`
--

LOCK TABLES `milestones` WRITE;
/*!40000 ALTER TABLE `milestones` DISABLE KEYS */;
INSERT INTO `milestones` VALUES ('FEAC6F67-B827-82C4-5740FE359D50D790','FEAC6DCD-95F7-B8DC-3816B99745BB8B6A',1000,'MISCELLANEOUS TASKS',1),('0062CD8A-EBA8-AE8E-B56392DB8FFB4C8F','0062CD6F-0BE6-9EA2-F477572E3E6DD7EC',1000,'MISCELLANEOUS TASKS',1),('12CC74F7-05C8-53BA-5BA4FCC8A15C084C','0062CD6F-0BE6-9EA2-F477572E3E6DD7EC',1,'TEST MILESTONE',0),('132113F7-F324-0CB6-B7DCA267C1B94521','0062CD6F-0BE6-9EA2-F477572E3E6DD7EC',3,'ANOTHER MILESTONE',0),('179C0634-FB6B-55AE-AFF4B36227D021F4','FEAC6DCD-95F7-B8DC-3816B99745BB8B6A',1,'PREP WORK',0),('18EAB108-AA85-0F17-52CBBD360BD0F3EB','FEAC6DCD-95F7-B8DC-3816B99745BB8B6A',2,'APPLY UPDATES',0),('18F169BA-95B3-37BC-DED1F435B808D612','FEAC6DCD-95F7-B8DC-3816B99745BB8B6A',3,'QA VERIFICATION AND LESSONS LEARNED',0),('5FFEC95D-0168-1807-9097A7B79F56CCC9','5FFEC940-D526-319A-FCAEE5D251892588',1000,'MISCELLANEOUS TASKS',1),('60038BD0-C4FD-1A04-2A2E787CEF078411','5FFEC940-D526-319A-FCAEE5D251892588',1,'ROUGH GRADES STAKED',0),('600FA2FF-DFB9-6D31-2A2F8D429A5C35BD','5FFEC940-D526-319A-FCAEE5D251892588',2,'STAKE BUILDING CORNERS',0),('F7723195-CA20-0D31-19A3E03ABE698B38','F7722F9D-C543-E199-5B8F9ABB6142E8EE',1000,'MISCELLANEOUS TASKS',1),('F782964A-F0E9-BD18-0373511704302787','F782961A-DE5A-8563-D88AD53D8F464AD5',1000,'MISCELLANEOUS TASKS',1),('F788B833-A65D-18D5-6C2B919295F802B2','F788B81E-9DF3-5D81-991236B5443C10EB',1000,'MISCELLANEOUS TASKS',1),('F7906371-C526-A417-AB3340EBD162A731','F790634B-A8B7-E103-FB81928B5C87904B',1000,'MISCELLANEOUS TASKS',1),('F7A05883-EE5B-DF53-4D40BD4F15B7EEC8','F7A0586E-ECCB-4D50-3FB57F2894AB11CF',1000,'MISCELLANEOUS TASKS',1),('F7A4BEB3-9FE2-060F-9BD1A62D62317D9F','F7A4BE9C-C17C-55BD-6D32D5CA98EA250C',1000,'MISCELLANEOUS TASKS',1),('FCBABB19-E451-8DAA-66124D1C96075F5A','F7A0586E-ECCB-4D50-3FB57F2894AB11CF',1,'RESEARCH',0),('003C44FC-009C-C10E-CF0BE3D74E987229','F790634B-A8B7-E103-FB81928B5C87904B',1,'RESEARCH',0),('003EABFC-D5E2-D632-14A9F79C3EFFD57D','F790634B-A8B7-E103-FB81928B5C87904B',2,'FIELD WORK',0),('1FD8C9EE-CFD4-3DC4-7FC08E9E1D8DA5BE','1FD8C9B9-AD0A-DAC1-5313B69F46B36A03',1000,'MISCELLANEOUS TASKS',1);
/*!40000 ALTER TABLE `milestones` ENABLE KEYS */;
UNLOCK TABLES;

--
-- Table structure for table `payroll_event`
--

DROP TABLE IF EXISTS `payroll_event`;
/*!40101 SET @saved_cs_client     = @@character_set_client */;
/*!40101 SET character_set_client = utf8 */;
CREATE TABLE `payroll_event` (
  `id` varchar(255) NOT NULL,
  `employee_id` varchar(255) NOT NULL,
  `charged` date NOT NULL,
  `amount` float NOT NULL DEFAULT '0',
  `paid` tinyint(4) NOT NULL DEFAULT '0',
  `time_entry_date` datetime NOT NULL,
  `description` text NOT NULL,
  PRIMARY KEY (`id`)
) ENGINE=MyISAM DEFAULT CHARSET=latin1;
/*!40101 SET character_set_client = @saved_cs_client */;

--
-- Dumping data for table `payroll_event`
--

LOCK TABLES `payroll_event` WRITE;
/*!40000 ALTER TABLE `payroll_event` DISABLE KEYS */;
/*!40000 ALTER TABLE `payroll_event` ENABLE KEYS */;
UNLOCK TABLES;

--
-- Table structure for table `project_managers`
--

DROP TABLE IF EXISTS `project_managers`;
/*!40101 SET @saved_cs_client     = @@character_set_client */;
/*!40101 SET character_set_client = utf8 */;
CREATE TABLE `project_managers` (
  `id` varchar(255) NOT NULL,
  PRIMARY KEY (`id`)
) ENGINE=MyISAM DEFAULT CHARSET=latin1;
/*!40101 SET character_set_client = @saved_cs_client */;

--
-- Dumping data for table `project_managers`
--

LOCK TABLES `project_managers` WRITE;
/*!40000 ALTER TABLE `project_managers` DISABLE KEYS */;
INSERT INTO `project_managers` VALUES ('8FECE7AE-0B7D-1913-1C031E8DA48053FE'),('E16A568A-F500-CADB-F6B7578EEE58104E'),('EE66C525-C678-D7EE-2083D7A896E977F6'),('EE760207-FD54-269C-C9DCDBCF4949366D'),('F047A2BB-A246-9FDE-745DC7523377C14E'),('F2678927-0C8D-F1E8-7E66EFA002A88E50');
/*!40000 ALTER TABLE `project_managers` ENABLE KEYS */;
UNLOCK TABLES;

--
-- Table structure for table `projects`
--

DROP TABLE IF EXISTS `projects`;
/*!40101 SET @saved_cs_client     = @@character_set_client */;
/*!40101 SET character_set_client = utf8 */;
CREATE TABLE `projects` (
  `id` varchar(255) NOT NULL,
  `project_number` varchar(12) NOT NULL,
  `project_name` varchar(255) NOT NULL,
  `instructions` text NOT NULL,
  `due_date` date NOT NULL,
  `current_milestone` int(11) NOT NULL DEFAULT '0' COMMENT 'milestone index',
  `customer_id` varchar(255) NOT NULL COMMENT 'FK to customers.id',
  `created_by` varchar(255) NOT NULL COMMENT 'FK to employees.id; indicates employee who created the record',
  `tax_rate` float NOT NULL,
  PRIMARY KEY (`id`)
) ENGINE=MyISAM DEFAULT CHARSET=latin1;
/*!40101 SET character_set_client = @saved_cs_client */;

--
-- Dumping data for table `projects`
--

LOCK TABLES `projects` WRITE;
/*!40000 ALTER TABLE `projects` DISABLE KEYS */;
INSERT INTO `projects` VALUES ('FEAC6DCD-95F7-B8DC-3816B99745BB8B6A','100-20120812','MOODLE UPDATES','APPLY LATEST UPDATES TO MOODLE ON ASTRONAUT TRAINING SERVER','2012-09-01',1,'F5D7B52A-FEC6-3EE3-087210C5182A6F16','EE760207-FD54-269C-C9DCDBCF4949366D',0),('0062CD6F-0BE6-9EA2-F477572E3E6DD7EC','101-20120812','CONLEE ELEMENTARY','DO SOME PAVING STUFF','2012-08-31',1,'F5EDA620-B4D0-39D5-A69C104DAA394AB9','EE760207-FD54-269C-C9DCDBCF4949366D',7.25),('5FFEC940-D526-319A-FCAEE5D251892588','102-20120813','INTERMODAL TRANSIT FACILITY','PROVIDE STAKING AND SURVEYING SERVICES AS NEEDED.','2013-12-31',2,'F5F0C364-9A25-64AE-1AECE6E29EEFD090','EE760207-FD54-269C-C9DCDBCF4949366D',0),('F7722F9D-C543-E199-5B8F9ABB6142E8EE','103-20120816','HOLY CROSS RETREAT CENTER','PROVIDE CONSTRUCTION LAYOUT AND STAKING AS NEEDED.','2012-12-11',1,'F5F0C364-9A25-64AE-1AECE6E29EEFD090','EE760207-FD54-269C-C9DCDBCF4949366D',0),('F782961A-DE5A-8563-D88AD53D8F464AD5','104-20120816','5756 LASSITER','PROVIDE BOUNDARY SURVEY','2012-08-17',1,'F77CC01C-E9B4-FF95-0D0C0231186E2CC2','EE760207-FD54-269C-C9DCDBCF4949366D',0),('F788B81E-9DF3-5D81-991236B5443C10EB','105-20120816','CRESCENT CREEK','STAKE AND FLAG FRONT PROPERTY CORNERS.','2012-08-09',1,'F77CC01C-E9B4-FF95-0D0C0231186E2CC2','EE760207-FD54-269C-C9DCDBCF4949366D',0),('F790634B-A8B7-E103-FB81928B5C87904B','106-20120816','7486 CORTEZ','SUBDIVISION SURVEY','2012-08-20',2,'F77CC01C-E9B4-FF95-0D0C0231186E2CC2','EE760207-FD54-269C-C9DCDBCF4949366D',0),('F7A0586E-ECCB-4D50-3FB57F2894AB11CF','107-20120816','1312 EUGENE','BOUNDARY SURVEY','2012-08-20',1,'F77CC01C-E9B4-FF95-0D0C0231186E2CC2','EE760207-FD54-269C-C9DCDBCF4949366D',0),('F7A4BE9C-C17C-55BD-6D32D5CA98EA250C','108-20120816','9821 EASY LANE','BOUNDARY SURVEY.','2012-08-20',1,'F77CC01C-E9B4-FF95-0D0C0231186E2CC2','EE760207-FD54-269C-C9DCDBCF4949366D',0),('1FD8C9B9-AD0A-DAC1-5313B69F46B36A03','109-20120817','TEST PROJECT','INSTRUCTIONS HERE','2012-12-31',1,'F5F6A23B-EB68-A9D3-26474FF4666854E3','8FECE7AE-0B7D-1913-1C031E8DA48053FE',0);
/*!40000 ALTER TABLE `projects` ENABLE KEYS */;
UNLOCK TABLES;

--
-- Table structure for table `task_code_assignments`
--

DROP TABLE IF EXISTS `task_code_assignments`;
/*!40101 SET @saved_cs_client     = @@character_set_client */;
/*!40101 SET character_set_client = utf8 */;
CREATE TABLE `task_code_assignments` (
  `id` varchar(255) NOT NULL,
  `task_code_id` varchar(255) NOT NULL,
  `assignment_id` varchar(255) NOT NULL,
  `rate` float NOT NULL DEFAULT '0',
  `billable` tinyint(4) NOT NULL DEFAULT '1',
  `employee_rate` float NOT NULL,
  PRIMARY KEY (`id`)
) ENGINE=MyISAM DEFAULT CHARSET=latin1;
/*!40101 SET character_set_client = @saved_cs_client */;

--
-- Dumping data for table `task_code_assignments`
--

LOCK TABLES `task_code_assignments` WRITE;
/*!40000 ALTER TABLE `task_code_assignments` DISABLE KEYS */;
INSERT INTO `task_code_assignments` VALUES ('5F9E6DCA-0068-8617-E23F6ECB336F959E','261EA442-BE36-F705-9E02F1ADF33A29E9','5F9A2142-CA37-17C1-3FF2555036540F16',30,1,0),('5F9E6DDD-C240-9612-66AF0F0A6CBC8199','26194A72-DA72-273B-A8BF3BB23807C811','5F9A2142-CA37-17C1-3FF2555036540F16',20,0,0),('602ADAAC-D35A-F1B9-94969A8E60E84880','5FF86F78-F567-CD23-C7E9B639EE114ADA','6026BA88-D294-2699-BB555E692850A1C3',20,1,0),('8BE0B5A5-9A65-EB90-7CDA5CDB9DA0E06E','5FF86F78-F567-CD23-C7E9B639EE114ADA','8BDC0CF3-FFA2-749C-71F8BC2585883E30',45,1,20),('8FFF82EC-CEF3-280C-C98AD410BB7C55CE','5FF86F78-F567-CD23-C7E9B639EE114ADA','8FF90FB4-9004-23AB-99986C7298794BA0',30,1,20),('8FFF82FA-993E-7BE9-D13B6E0BC1FDB2D2','8FC31B65-BD28-0D3A-A42560C32CE4ED9E','8FF90FB4-9004-23AB-99986C7298794BA0',40,1,40),('8FFF837C-E069-829C-570B06B75AFF2268','26194A72-DA72-273B-A8BF3BB23807C811','8FF90FB4-9004-23AB-99986C7298794BA0',30,1,15),('FCDA7833-BD21-6337-548E9842776ACD70','26194A72-DA72-273B-A8BF3BB23807C811','FCD5F5B4-DED5-4610-EA6D3BE03A4F7576',40,1,20),('FCDF3701-0478-1860-322FF2CFFC2AF90B','FCC7B7AA-D145-449B-DEDB724901D92C73','FCDE1F3B-FDEE-80A2-AE0FBB56263B1D05',40,1,40),('00543159-B28C-A782-44E0C71E98DB0A3E','00473785-DDD1-A5C7-BE22580F2C4A3F0E','005264BA-9504-31A8-2B31EEE0F50CF2E2',40,1,40),('12BC6168-B87A-FB26-4B173362FFA56B45','FCC7B7AA-D145-449B-DEDB724901D92C73','12B8A80E-A3A9-A11F-FCB5EEFC6828677C',40,1,20),('12BC6180-9424-70B9-C282B9B5B6F38B40','26194A72-DA72-273B-A8BF3BB23807C811','12B8A80E-A3A9-A11F-FCB5EEFC6828677C',40,1,20),('1FF6BD93-E56F-1FBD-5C7C02522C01D7F4','8FC31B65-BD28-0D3A-A42560C32CE4ED9E','1FEE900C-F2FE-63AB-1370EA4DE1C584A4',150,1,40),('1FF6BDA0-D374-7C24-088112761461A831','26194A72-DA72-273B-A8BF3BB23807C811','1FEE900C-F2FE-63AB-1370EA4DE1C584A4',40,1,30);
/*!40000 ALTER TABLE `task_code_assignments` ENABLE KEYS */;
UNLOCK TABLES;

--
-- Table structure for table `task_codes`
--

DROP TABLE IF EXISTS `task_codes`;
/*!40101 SET @saved_cs_client     = @@character_set_client */;
/*!40101 SET character_set_client = utf8 */;
CREATE TABLE `task_codes` (
  `id` varchar(255) NOT NULL,
  `task_code` varchar(10) NOT NULL,
  `task_name` varchar(255) NOT NULL,
  `unit_type` varchar(255) NOT NULL,
  PRIMARY KEY (`id`)
) ENGINE=MyISAM DEFAULT CHARSET=latin1;
/*!40101 SET character_set_client = @saved_cs_client */;

--
-- Dumping data for table `task_codes`
--

LOCK TABLES `task_codes` WRITE;
/*!40000 ALTER TABLE `task_codes` DISABLE KEYS */;
INSERT INTO `task_codes` VALUES ('26194A72-DA72-273B-A8BF3BB23807C811','1','RESEARCH','HOUR'),('261EA442-BE36-F705-9E02F1ADF33A29E9','2','PORTAL ADMINISTRATION','HOUR'),('2621B38F-AE4E-2F7A-AF71A699BD91C0FB','3','SYSTEMS ADMINISTRATION','HOUR'),('5FF86F78-F567-CD23-C7E9B639EE114ADA','4','CONSTRUCTION STAKING','HOUR'),('8FC31B65-BD28-0D3A-A42560C32CE4ED9E','5','MEET WITH CUSTOMER','HOUR'),('FCC7B7AA-D145-449B-DEDB724901D92C73','','CAD DRAFTING','HOUR'),('00473785-DDD1-A5C7-BE22580F2C4A3F0E','','BOUNDARY SURVEY - FIELD WORK','HOUR');
/*!40000 ALTER TABLE `task_codes` ENABLE KEYS */;
UNLOCK TABLES;

--
-- Table structure for table `tasks`
--

DROP TABLE IF EXISTS `tasks`;
/*!40101 SET @saved_cs_client     = @@character_set_client */;
/*!40101 SET character_set_client = utf8 */;
CREATE TABLE `tasks` (
  `id` varchar(255) NOT NULL,
  `milestone_id` varchar(255) NOT NULL,
  `task_name` varchar(255) NOT NULL,
  `description` text,
  `completed` tinyint(4) NOT NULL DEFAULT '0',
  `ts` timestamp NOT NULL DEFAULT CURRENT_TIMESTAMP ON UPDATE CURRENT_TIMESTAMP,
  PRIMARY KEY (`id`)
) ENGINE=MyISAM DEFAULT CHARSET=latin1;
/*!40101 SET character_set_client = @saved_cs_client */;

--
-- Dumping data for table `tasks`
--

LOCK TABLES `tasks` WRITE;
/*!40000 ALTER TABLE `tasks` DISABLE KEYS */;
INSERT INTO `tasks` VALUES ('18C69721-B86F-629E-CE2A7B77C59992B3','179C0634-FB6B-55AE-AFF4B36227D021F4','RESEARCH LATEST MOODLE UPDATES','VISIT THE MOODLE WEBSITE TO RESEARCH LATEST MOODLE UPDATES AVAILABLE, AS WELL AS PROCEDURES AND BEST PRACTICES FOR PERFORMING THE UPDATE.',0,'2012-08-12 21:32:47'),('18CB4C1E-AD97-F70C-AEED30393E7B2A6D','179C0634-FB6B-55AE-AFF4B36227D021F4','BACKUP MYSQL DATABASE','BACK UP THE MYSQL DATABASE ON THE TRAINING SERVER.',0,'2012-08-14 03:26:25'),('18D3B519-F20A-634E-21EAB174552BD237','179C0634-FB6B-55AE-AFF4B36227D021F4','BACK UP THE CURRENT MOODLE SOURCE','BACK UP MOODLE SOURCE IN /VAR/WWW/HTML',1,'2012-08-12 21:31:06'),('18ECE1AA-D29E-5925-09806D3E73BB76C6','18EAB108-AA85-0F17-52CBBD360BD0F3EB','APPLY MOODLE UPDATES','APPLY UPDATES TO MOODLE',0,'2012-08-12 18:27:58'),('18F620EE-D17B-2C87-7FA71CEE68A85592','18F169BA-95B3-37BC-DED1F435B808D612','TEST FUNCTIONALITY','',0,'2012-08-12 18:28:59'),('600B7B52-F044-5932-D7B7D535C6151133','60038BD0-C4FD-1A04-2A2E787CEF078411','STAKE ROUGH GRADES','PROVIDE A 50-FOOT GRID OF STAKES USING DTM STAKING SHOWING CUT OR FILL TO SUBGRADE.',0,'2012-08-17 00:10:49'),('6015E551-D6FF-C6BA-C2DF364239B568EC','600FA2FF-DFB9-6D31-2A2F8D429A5C35BD','STAKE BUILDING CORNERS','STAKE BUILDING CORNERS WITH CUT OR FILL TO FINISH FLOOR.',0,'2012-08-14 03:37:45'),('FCCBE85F-AF1D-5195-BB6A01F7A34C8ED5','FCBABB19-E451-8DAA-66124D1C96075F5A','RESEARCH PROPERTIES','RESEARCH PROPERTIES',0,'2012-08-17 04:39:42'),('FCCEB341-EC75-33DD-09BE95FCB8DB1B92','FCBABB19-E451-8DAA-66124D1C96075F5A','DRAFT DEED LAYER','DRAFT THE DEED LAYER',0,'2012-08-17 04:40:01'),('0043A036-F3E5-1992-D3DD918EABC9114B','003EABFC-D5E2-D632-14A9F79C3EFFD57D','PERFORM BOUNDARY SURVEY','PERFORM BOUNDARY SURVEY',0,'2012-08-17 06:16:40'),('12B0C00F-94D8-A3F8-820F5D519A5EC260','003C44FC-009C-C10E-CF0BE3D74E987229','DRAFT DEED LAYER','DRAFT DEED LAYER',0,'2012-08-17 14:51:54');
/*!40000 ALTER TABLE `tasks` ENABLE KEYS */;
UNLOCK TABLES;

--
-- Table structure for table `time_approvers`
--

DROP TABLE IF EXISTS `time_approvers`;
/*!40101 SET @saved_cs_client     = @@character_set_client */;
/*!40101 SET character_set_client = utf8 */;
CREATE TABLE `time_approvers` (
  `id` varchar(255) NOT NULL,
  PRIMARY KEY (`id`)
) ENGINE=MyISAM DEFAULT CHARSET=latin1;
/*!40101 SET character_set_client = @saved_cs_client */;

--
-- Dumping data for table `time_approvers`
--

LOCK TABLES `time_approvers` WRITE;
/*!40000 ALTER TABLE `time_approvers` DISABLE KEYS */;
INSERT INTO `time_approvers` VALUES ('8FECE7AE-0B7D-1913-1C031E8DA48053FE'),('C7E80B2D-EAA5-F86D-F327CE39FEC6AE19'),('E16A568A-F500-CADB-F6B7578EEE58104E'),('EE66C525-C678-D7EE-2083D7A896E977F6'),('EE760207-FD54-269C-C9DCDBCF4949366D'),('F23D6828-F03A-318D-783B183BE847BAD2'),('F2678927-0C8D-F1E8-7E66EFA002A88E50'),('F28AA8C9-0BF3-2CEB-2819E8BA6B8C8189');
/*!40000 ALTER TABLE `time_approvers` ENABLE KEYS */;
UNLOCK TABLES;

--
-- Table structure for table `time_entries`
--

DROP TABLE IF EXISTS `time_entries`;
/*!40101 SET @saved_cs_client     = @@character_set_client */;
/*!40101 SET character_set_client = utf8 */;
CREATE TABLE `time_entries` (
  `task_code_assignment_id` varchar(255) NOT NULL,
  `start_time` datetime NOT NULL,
  `end_time` datetime NOT NULL,
  `approved` tinyint(4) NOT NULL,
  `approver_id` varchar(255) NOT NULL,
  `id` varchar(255) NOT NULL,
  PRIMARY KEY (`id`)
) ENGINE=MyISAM DEFAULT CHARSET=latin1;
/*!40101 SET character_set_client = @saved_cs_client */;

--
-- Dumping data for table `time_entries`
--

LOCK TABLES `time_entries` WRITE;
/*!40000 ALTER TABLE `time_entries` DISABLE KEYS */;
INSERT INTO `time_entries` VALUES ('FCDA7833-BD21-6337-548E9842776ACD70','2012-08-16 22:41:58','2012-08-16 23:47:49',0,'EE760207-FD54-269C-C9DCDBCF4949366D','FF3B8A8C-B483-7A3B-362C099D0F6E3CAA'),('FCDF3701-0478-1860-322FF2CFFC2AF90B','2012-08-16 23:47:53','2012-08-17 00:01:00',0,'EE760207-FD54-269C-C9DCDBCF4949366D','FFAF400E-AA5B-2CA2-525F6FD4195BA099'),('12BC6168-B87A-FB26-4B173362FFA56B45','2012-08-17 08:53:32','2012-08-17 09:07:57',0,'','1343B85D-EB33-A05A-CBECED9B76A97A8E'),('00543159-B28C-A782-44E0C71E98DB0A3E','2012-08-17 09:11:29','2012-08-17 12:44:48',0,'','1B050A46-019D-82F9-9B5C1EC4B3E4A090');
/*!40000 ALTER TABLE `time_entries` ENABLE KEYS */;
UNLOCK TABLES;
/*!40103 SET TIME_ZONE=@OLD_TIME_ZONE */;

/*!40101 SET SQL_MODE=@OLD_SQL_MODE */;
/*!40014 SET FOREIGN_KEY_CHECKS=@OLD_FOREIGN_KEY_CHECKS */;
/*!40014 SET UNIQUE_CHECKS=@OLD_UNIQUE_CHECKS */;
/*!40101 SET CHARACTER_SET_CLIENT=@OLD_CHARACTER_SET_CLIENT */;
/*!40101 SET CHARACTER_SET_RESULTS=@OLD_CHARACTER_SET_RESULTS */;
/*!40101 SET COLLATION_CONNECTION=@OLD_COLLATION_CONNECTION */;
/*!40111 SET SQL_NOTES=@OLD_SQL_NOTES */;

-- Dump completed on 2012-08-19 11:24:40
