-- MySQL dump 10.13  Distrib 5.1.61, for redhat-linux-gnu (x86_64)
--
-- Host: localhost    Database: ptarmigan
-- ------------------------------------------------------
-- Server version	5.1.61

/*!40101 SET @OLD_CHARACTER_SET_CLIENT=@@CHARACTER_SET_CLIENT */;
/*!40101 SET @OLD_CHARACTER_SET_RESULTS=@@CHARACTER_SET_RESULTS */;
/*!40101 SET @OLD_COLLATION_CONNECTION=@@COLLATION_CONNECTION */;
/*!40101 SET NAMES utf8 */;
/*!40103 SET @OLD_TIME_ZONE=@@TIME_ZONE */;
/*!40103 SET TIME_ZONE='+00:00' */;
/*!40014 SET @OLD_UNIQUE_CHECKS=@@UNIQUE_CHECKS, UNIQUE_CHECKS=0 */;
/*!40014 SET @OLD_FOREIGN_KEY_CHECKS=@@FOREIGN_KEY_CHECKS, FOREIGN_KEY_CHECKS=0 */;
/*!40101 SET @OLD_SQL_MODE=@@SQL_MODE, SQL_MODE='NO_AUTO_VALUE_ON_ZERO' */;
/*!40111 SET @OLD_SQL_NOTES=@@SQL_NOTES, SQL_NOTES=0 */;

--
-- Table structure for table `administrators`
--

DROP TABLE IF EXISTS `administrators`;
/*!40101 SET @saved_cs_client     = @@character_set_client */;
/*!40101 SET character_set_client = utf8 */;
CREATE TABLE `administrators` (
  `id` varchar(255) NOT NULL,
  PRIMARY KEY (`id`)
) ENGINE=MyISAM DEFAULT CHARSET=latin1;
/*!40101 SET character_set_client = @saved_cs_client */;

--
-- Dumping data for table `administrators`
--

LOCK TABLES `administrators` WRITE;
/*!40000 ALTER TABLE `administrators` DISABLE KEYS */;
INSERT INTO `administrators` VALUES ('8FECE7AE-0B7D-1913-1C031E8DA48053FE'),('E16A568A-F500-CADB-F6B7578EEE58104E'),('EE66C525-C678-D7EE-2083D7A896E977F6'),('EE760207-FD54-269C-C9DCDBCF4949366D'),('F047A2BB-A246-9FDE-745DC7523377C14E');
/*!40000 ALTER TABLE `administrators` ENABLE KEYS */;
UNLOCK TABLES;

--
-- Table structure for table `assignments`
--

DROP TABLE IF EXISTS `assignments`;
/*!40101 SET @saved_cs_client     = @@character_set_client */;
/*!40101 SET character_set_client = utf8 */;
CREATE TABLE `assignments` (
  `id` varchar(255) NOT NULL,
  `task_id` varchar(255) NOT NULL,
  `employee_id` varchar(255) NOT NULL,
  `start_date` date NOT NULL,
  `end_date` date NOT NULL,
  `instructions` text NOT NULL,
  `address` varchar(255) DEFAULT NULL,
  `city` varchar(255) DEFAULT NULL,
  `state` varchar(255) DEFAULT NULL,
  `zip` varchar(5) DEFAULT NULL,
  `latitude` varchar(255) DEFAULT NULL,
  `longitude` varchar(255) DEFAULT NULL,
  `location_preference` tinyint(4) NOT NULL DEFAULT '0' COMMENT '0=address, 1=lat,lon',
  PRIMARY KEY (`id`)
) ENGINE=MyISAM DEFAULT CHARSET=latin1;
/*!40101 SET character_set_client = @saved_cs_client */;

--
-- Dumping data for table `assignments`
--

LOCK TABLES `assignments` WRITE;
/*!40000 ALTER TABLE `assignments` DISABLE KEYS */;
INSERT INTO `assignments` VALUES ('8BDC0CF3-FFA2-749C-71F8BC2585883E30','6015E551-D6FF-C6BA-C2DF364239B568EC','EE760207-FD54-269C-C9DCDBCF4949366D','2012-08-13','2012-08-19','STAKE BUILDING CORNERS USING THE POINTS IN THE DATA COLLECTOR. THE CUT OR FILL IS TO FINISH FLOOR.','301 W. LOHMAN AVE.','LAS CRUCES','NM','88005','','',0),('8FF90FB4-9004-23AB-99986C7298794BA0','6015E551-D6FF-C6BA-C2DF364239B568EC','8FECE7AE-0B7D-1913-1C031E8DA48053FE','2012-08-13','2012-09-01','STAKE BUILDING CORNERS USING THE POINTS IN THE DATA COLLECTOR. THE CUT OR FILL IS TO FINISH FLOOR.','301 W. LOHMAN AVE','LAS CRUCES','NM','88005','','',0),('FCD5F5B4-DED5-4610-EA6D3BE03A4F7576','FCCBE85F-AF1D-5195-BB6A01F7A34C8ED5','EE760207-FD54-269C-C9DCDBCF4949366D','2012-08-16','2012-08-21','RESEARCH PROPERTIES ON COUNTY SITE 6','1312 EUGENE','LAS CRUCES','NM','88001','','',0),('FCDE1F3B-FDEE-80A2-AE0FBB56263B1D05','FCCEB341-EC75-33DD-09BE95FCB8DB1B92','EE760207-FD54-269C-C9DCDBCF4949366D','2012-08-16','2012-08-21','DRAFT DEED LAYER','1312 EUGENE','LAS CRUCES','NM','88001','','',0),('005264BA-9504-31A8-2B31EEE0F50CF2E2','0043A036-F3E5-1992-D3DD918EABC9114B','EE760207-FD54-269C-C9DCDBCF4949366D','2012-08-17','2012-08-17','PERFORM REMAINDER OF BOUNDARY SURVEY','7486 CORTEZ','LAS CRUCES','NM','88012','','',0),('12B8A80E-A3A9-A11F-FCB5EEFC6828677C','12B0C00F-94D8-A3F8-820F5D519A5EC260','EE760207-FD54-269C-C9DCDBCF4949366D','2012-08-14','2012-08-21','DRAFT THE DEED LAYER','7486 CORTEZ','LAS CRUCES','NM','88012','','',0),('1FEE900C-F2FE-63AB-1370EA4DE1C584A4','600B7B52-F044-5932-D7B7D535C6151133','8FECE7AE-0B7D-1913-1C031E8DA48053FE','2012-08-27','2012-08-28','EAT THE BIG BROWN ONE','905 ALAMO ST.','LAS CRUCES','NM','88001','','',0),('F09C04F3-9431-E096-65F08CCABDD3C364','18D3B519-F20A-634E-21EAB174552BD237','EE760207-FD54-269C-C9DCDBCF4949366D','2012-08-21','2012-08-21','BACK UP CURRENT MOODLE SOURCE','','','','','','',0),('F2F5E1B6-CAA4-A2D8-1F5B371ADB2376CC','18ECE1AA-D29E-5925-09806D3E73BB76C6','EE760207-FD54-269C-C9DCDBCF4949366D','2012-08-21','2012-08-21','INSTALL MOODLE UPDATES','','','','','','',0),('F524A719-A001-70F7-C261918EDAF1BD0F','18D3B519-F20A-634E-21EAB174552BD237','EE760207-FD54-269C-C9DCDBCF4949366D','2012-08-12','2012-08-15','','','','','','','',0),('F52B8A7E-9E11-8DEC-D6B73EF7FE866B66','18D3B519-F20A-634E-21EAB174552BD237','EE760207-FD54-269C-C9DCDBCF4949366D','2012-08-12','2012-08-15','','','','','','','',0),('F53447D2-CD00-B34D-8583B8C255043D2C','18D3B519-F20A-634E-21EAB174552BD237','EE760207-FD54-269C-C9DCDBCF4949366D','2012-08-12','2012-08-15','','','','','','','',0),('F535EE1B-CA0F-ECCD-21E7E608A1DB587A','18D3B519-F20A-634E-21EAB174552BD237','EE760207-FD54-269C-C9DCDBCF4949366D','2012-08-12','2012-08-15','','','','','','','',0),('F53A5C4A-ECB2-9E87-05165E11A5914DFC','18D3B519-F20A-634E-21EAB174552BD237','EE760207-FD54-269C-C9DCDBCF4949366D','2012-08-12','2012-08-15','','','','','','','',0),('F53D5A41-F090-ED84-24D4CF22F80ADB2F','18D3B519-F20A-634E-21EAB174552BD237','EE760207-FD54-269C-C9DCDBCF4949366D','2012-08-12','2012-08-15','','','','','','','',0),('F54A6381-D1D4-D841-4256BF2CFA67CEC7','18D3B519-F20A-634E-21EAB174552BD237','EE760207-FD54-269C-C9DCDBCF4949366D','2012-08-12','2012-08-15','','','','','','','',0),('F6045AE1-E25E-080C-E05A1212C56FFE5D','FCCBE85F-AF1D-5195-BB6A01F7A34C8ED5','F2B02F31-A840-CD01-9E6F9777CD869810','2012-08-12','2012-08-15','','','','','','','',0),('F61E0630-DD05-63A9-CF677C59E807AE5A','FCCEB341-EC75-33DD-09BE95FCB8DB1B92','F2B02F31-A840-CD01-9E6F9777CD869810','2012-08-12','2012-08-15','TEST','905 ALAMO ST.','LAS CRUCES','NM','88001','','',0),('F623F153-E3D7-BA47-514AEF4AD99EE830','FCCBE85F-AF1D-5195-BB6A01F7A34C8ED5','F2B02F31-A840-CD01-9E6F9777CD869810','2012-08-12','2012-08-15','','','','','','','',0),('98BDA673-0CF2-47AE-8DD297D69A60D256','FD783879-C8C8-294D-1EFFA3F6CBF668BF','EE760207-FD54-269C-C9DCDBCF4949366D','2012-08-23','2012-08-30','CREATE THE PLAN','','','','','','',0),('98F9178D-A70F-E59C-CD9D921518434849','18F620EE-D17B-2C87-7FA71CEE68A85592','EE760207-FD54-269C-C9DCDBCF4949366D','2012-08-21','2012-09-01','WORK ON QA LESSONS LEARNED','','','','','','',0);
/*!40000 ALTER TABLE `assignments` ENABLE KEYS */;
UNLOCK TABLES;

--
-- Table structure for table `audits`
--

DROP TABLE IF EXISTS `audits`;
/*!40101 SET @saved_cs_client     = @@character_set_client */;
/*!40101 SET character_set_client = utf8 */;
CREATE TABLE `audits` (
  `id` varchar(255) NOT NULL,
  `table_name` varchar(255) NOT NULL,
  `table_id` varchar(255) NOT NULL,
  `change_order_number` varchar(255) NOT NULL DEFAULT '',
  `audit_date` timestamp NOT NULL DEFAULT CURRENT_TIMESTAMP ON UPDATE CURRENT_TIMESTAMP,
  `employee_id` varchar(255) NOT NULL,
  `comment` text NOT NULL,
  `what_changed` text NOT NULL,
  PRIMARY KEY (`id`)
) ENGINE=MyISAM DEFAULT CHARSET=latin1;
/*!40101 SET character_set_client = @saved_cs_client */;

--
-- Dumping data for table `audits`
--

LOCK TABLES `audits` WRITE;
/*!40000 ALTER TABLE `audits` DISABLE KEYS */;
INSERT INTO `audits` VALUES ('24A0EA14-F99D-0698-6F61FDC635B3D90F','milestones','FD06056F-D2F9-2314-F997F7F7EECB98B1','30-002','2012-08-27 21:54:02','EE760207-FD54-269C-C9DCDBCF4949366D','I changed this thing.','<br>END DATE (PESSIMISTIC) CHANGED FROM 09/09/2012 TO 09/11/2012'),('258EDDE7-98D7-5BCB-5BC6F9BCE2623103','milestones','FD06056F-D2F9-2314-F997F7F7EECB98B1','30-003','2012-08-27 22:16:02','EE760207-FD54-269C-C9DCDBCF4949366D','Moved forward','<br>END DATE (PESSIMISTIC) CHANGED FROM 09/11/2012 TO 09/12/2012'),('25982DFD-91D6-2473-5F391B2761683539','milestones','FD06056F-D2F9-2314-F997F7F7EECB98B1','30-004','2012-08-27 22:17:03','EE760207-FD54-269C-C9DCDBCF4949366D','Another change to this thing','<br>START DATE CHANGED FROM 08/25/2012 TO 08/26/2012<br>END DATE (PESSIMISTIC) CHANGED FROM 09/12/2012 TO 09/14/2012<br>END DATE (OPTIMISTIC) CHANGED FROM 09/09/2012 TO 09/19/2012'),('2977310D-B0C7-214A-6401EE22D354C5CE','milestones','FD06056F-D2F9-2314-F997F7F7EECB98B1','','2012-08-28 00:05:18','EE760207-FD54-269C-C9DCDBCF4949366D','','<br>END DATE (NORMAL) CHANGED FROM 09/09/2012 TO 09/10/2012'),('47A3F9B7-0085-43B0-94978F6C5F13563D','tasks','FD50B272-0359-EC5B-9448A254382052AC','30-010','2012-08-28 14:09:03','EE760207-FD54-269C-C9DCDBCF4949366D','Test audit','<br>START DATE CHANGED FROM 08/24/2012 TO 08/23/2012'),('47B28D67-A272-4BBC-7DC59257E470264A','tasks','FD50B272-0359-EC5B-9448A254382052AC','89','2012-08-28 14:10:38','EE760207-FD54-269C-C9DCDBCF4949366D','test','<br>START DATE CHANGED FROM 08/24/2012 TO 08/23/2012');
/*!40000 ALTER TABLE `audits` ENABLE KEYS */;
UNLOCK TABLES;

--
-- Table structure for table `billable_event`
--

DROP TABLE IF EXISTS `billable_event`;
/*!40101 SET @saved_cs_client     = @@character_set_client */;
/*!40101 SET character_set_client = utf8 */;
CREATE TABLE `billable_event` (
  `id` varchar(255) NOT NULL,
  `customer_id` varchar(255) NOT NULL,
  `time_entry_id` varchar(255) NOT NULL,
  `invoiced` tinyint(4) NOT NULL DEFAULT '0',
  PRIMARY KEY (`id`)
) ENGINE=MyISAM DEFAULT CHARSET=latin1;
/*!40101 SET character_set_client = @saved_cs_client */;

--
-- Dumping data for table `billable_event`
--

LOCK TABLES `billable_event` WRITE;
/*!40000 ALTER TABLE `billable_event` DISABLE KEYS */;
/*!40000 ALTER TABLE `billable_event` ENABLE KEYS */;
UNLOCK TABLES;

--
-- Table structure for table `billing_managers`
--

DROP TABLE IF EXISTS `billing_managers`;
/*!40101 SET @saved_cs_client     = @@character_set_client */;
/*!40101 SET character_set_client = utf8 */;
CREATE TABLE `billing_managers` (
  `id` varchar(255) NOT NULL,
  PRIMARY KEY (`id`)
) ENGINE=MyISAM DEFAULT CHARSET=latin1;
/*!40101 SET character_set_client = @saved_cs_client */;

--
-- Dumping data for table `billing_managers`
--

LOCK TABLES `billing_managers` WRITE;
/*!40000 ALTER TABLE `billing_managers` DISABLE KEYS */;
INSERT INTO `billing_managers` VALUES ('E16A568A-F500-CADB-F6B7578EEE58104E'),('EE66C525-C678-D7EE-2083D7A896E977F6'),('EE760207-FD54-269C-C9DCDBCF4949366D'),('F047A2BB-A246-9FDE-745DC7523377C14E'),('F2678927-0C8D-F1E8-7E66EFA002A88E50');
/*!40000 ALTER TABLE `billing_managers` ENABLE KEYS */;
UNLOCK TABLES;

--
-- Table structure for table `customers`
--

DROP TABLE IF EXISTS `customers`;
/*!40101 SET @saved_cs_client     = @@character_set_client */;
/*!40101 SET character_set_client = utf8 */;
CREATE TABLE `customers` (
  `id` varchar(255) NOT NULL,
  `company_name` varchar(255) NOT NULL,
  `poc` varchar(255) NOT NULL,
  `email` varchar(255) NOT NULL,
  `electronic_billing` tinyint(4) NOT NULL,
  `phone_number` varchar(50) NOT NULL,
  PRIMARY KEY (`id`)
) ENGINE=MyISAM DEFAULT CHARSET=latin1;
/*!40101 SET character_set_client = @saved_cs_client */;

--
-- Dumping data for table `customers`
--

LOCK TABLES `customers` WRITE;
/*!40000 ALTER TABLE `customers` DISABLE KEYS */;
INSERT INTO `customers` VALUES ('F5D7B52A-FEC6-3EE3-087210C5182A6F16','ASTRONAUT LLC','IGNACIO VALDES','ivaldes1@gmail.com',1,''),('F5DE3FD7-E532-F882-B49786220C417D36','VISTA EXPERTISE NETWORK','RICK MARSHALL','rick.marshall@vistaexpertise.net',1,''),('F5E29A96-BE64-0EFD-B3C31F81DD0B6C26','FOURTH WATCH SOFTWARE LC','DAVID WICKSELL','dlw@linux.com',1,''),('F5EDA620-B4D0-39D5-A69C104DAA394AB9','A MOUNTAIN CONSTRUCTION','CHRIS SPEDALIERI','',1,''),('F5F0C364-9A25-64AE-1AECE6E29EEFD090','G. SANDOVAL CONSTRUCTION INC.','GABE SANDOVAL','',1,''),('F5F6A23B-EB68-A9D3-26474FF4666854E3','CENTER LINE SERVICES LLC','ANTHONY GUTIERREZ','arguttierrez@gmail.com',1,'575-202-0761'),('F77CC01C-E9B4-FF95-0D0C0231186E2CC2','WESTERN LANDS SURVEYING','VIRGINIA H. BECK','',0,''),('F7D34CE8-E06E-19A0-B26B5FBDFCDBDAED','TOWN OF MESILLA','RICKI ESCOBAR','anchomex@gmail.com',1,'5752020761');
/*!40000 ALTER TABLE `customers` ENABLE KEYS */;
UNLOCK TABLES;

--
-- Table structure for table `document_associations`
--

DROP TABLE IF EXISTS `document_associations`;
/*!40101 SET @saved_cs_client     = @@character_set_client */;
/*!40101 SET character_set_client = utf8 */;
CREATE TABLE `document_associations` (
  `id` varchar(255) NOT NULL,
  `element_table` varchar(50) NOT NULL,
  `element_id` varchar(255) NOT NULL,
  `document_id` varchar(255) NOT NULL,
  PRIMARY KEY (`id`)
) ENGINE=MyISAM DEFAULT CHARSET=latin1;
/*!40101 SET character_set_client = @saved_cs_client */;

--
-- Dumping data for table `document_associations`
--

LOCK TABLES `document_associations` WRITE;
/*!40000 ALTER TABLE `document_associations` DISABLE KEYS */;
INSERT INTO `document_associations` VALUES ('6188D250-CC2E-9C8B-1105B75757564F6B','milestones','FD06056F-D2F9-2314-F997F7F7EECB98B1','5C7F8BCD-0229-F327-C0EFEDDD90B1A01F'),('827AED98-B2B0-B2DF-8C47CDC8D2788AC3','projects','FCC49E1E-E8D2-813A-F2299047E90B2D36','5C7F8BCD-0229-F327-C0EFEDDD90B1A01F'),('827BF4F6-EA16-6508-8F65C400F4BE4AC5','milestones','FCD04787-95E9-98A4-F8EBCFC8CF5F323D','5C7F8BCD-0229-F327-C0EFEDDD90B1A01F'),('82887F33-FDA3-3089-132715BE985552F8','tasks','65BCFA9D-D0E5-B6F8-20E8538F16DCC7CF','5C7F8BCD-0229-F327-C0EFEDDD90B1A01F'),('842BBC0A-CA63-119D-FE9EC8082EAA01CC','tasks','FD728368-CC5E-7899-1B240B1A5CD1181D','5C7F8BCD-0229-F327-C0EFEDDD90B1A01F'),('89800AB5-993A-F5CC-B3E85953E4EDF40D','projects','FCC49E1E-E8D2-813A-F2299047E90B2D36','887CF64C-AE4D-0E06-D5CA7FFADACC8548'),('89801AE3-FF3B-C56F-D03F482E24CF5F09','projects','FCB53AB4-B356-53CD-A3A9F4E96166E3A0','887CF64C-AE4D-0E06-D5CA7FFADACC8548');
/*!40000 ALTER TABLE `document_associations` ENABLE KEYS */;
UNLOCK TABLES;

--
-- Table structure for table `document_types`
--

DROP TABLE IF EXISTS `document_types`;
/*!40101 SET @saved_cs_client     = @@character_set_client */;
/*!40101 SET character_set_client = utf8 */;
CREATE TABLE `document_types` (
  `id` varchar(255) NOT NULL,
  `type_name` varchar(255) NOT NULL,
  `type_key` varchar(16) NOT NULL,
  PRIMARY KEY (`id`)
) ENGINE=MyISAM DEFAULT CHARSET=latin1;
/*!40101 SET character_set_client = @saved_cs_client */;

--
-- Dumping data for table `document_types`
--

LOCK TABLES `document_types` WRITE;
/*!40000 ALTER TABLE `document_types` DISABLE KEYS */;
INSERT INTO `document_types` VALUES ('02889633-D06B-053F-903F187BB68015F7','ADOBE PDF','PDF'),('02B2C3D1-B285-741C-31D8D424C582B302','MICROSOFT WORD DOCUMENT','DOC'),('02B3C212-A8B7-55FE-E6409F8C7EA74693','AUTOCAD DRAWING','DWG'),('02BDCBCE-D823-9661-36DFD88D3F35A604','PNG IMAGE','PNG'),('02BF246E-D177-0D3A-DD23676689F142B9','JPG IMAGE','JPG'),('02C0B124-DE36-AC25-D5325421F467AB2B','BITMAP IMAGE','BMP'),('02C30468-A2BF-6B15-83EE60B4E067E125','TIFF IMAGE','TIF'),('02C831CB-EB09-524D-E613E31C3C45AE62','ZIP ARCHIVE','ZIP'),('02CBEC2A-B28B-6B01-48891736336E638B','PLAIN TEXT DOCUMENT','TXT'),('02CF3F8D-0D1A-085A-8BC847A8DC573408','GIF IMAGE','GIF');
/*!40000 ALTER TABLE `document_types` ENABLE KEYS */;
UNLOCK TABLES;

--
-- Table structure for table `documents`
--

DROP TABLE IF EXISTS `documents`;
/*!40101 SET @saved_cs_client     = @@character_set_client */;
/*!40101 SET character_set_client = utf8 */;
CREATE TABLE `documents` (
  `id` varchar(255) NOT NULL,
  `path` varchar(255) NOT NULL,
  `document_name` varchar(255) NOT NULL,
  `description` varchar(255) NOT NULL,
  `document_number` varchar(255) NOT NULL,
  `mime_type` varchar(50) NOT NULL,
  PRIMARY KEY (`id`)
) ENGINE=MyISAM DEFAULT CHARSET=latin1;
/*!40101 SET character_set_client = @saved_cs_client */;

--
-- Dumping data for table `documents`
--

LOCK TABLES `documents` WRITE;
/*!40000 ALTER TABLE `documents` DISABLE KEYS */;
INSERT INTO `documents` VALUES ('5C7F8BCD-0229-F327-C0EFEDDD90B1A01F','budget_allocation2.png','TEST DOCUMENT','THE FILE DESCRIPTION','30-001-3','image/png'),('','','','','',''),('88083E30-0AFC-3811-C2E1D364A365CB07','541217_10150888989473584_1563516885_n.jpg','XOCHITL','','','image/jpeg'),('887CF64C-AE4D-0E06-D5CA7FFADACC8548','094-061006 PLAT.pdf','PLAT','','094-061006-PLAT','application/pdf');
/*!40000 ALTER TABLE `documents` ENABLE KEYS */;
UNLOCK TABLES;

--
-- Table structure for table `employees`
--

DROP TABLE IF EXISTS `employees`;
/*!40101 SET @saved_cs_client     = @@character_set_client */;
/*!40101 SET character_set_client = utf8 */;
CREATE TABLE `employees` (
  `id` varchar(255) NOT NULL,
  `username` varchar(8) NOT NULL,
  `password_hash` varchar(255) NOT NULL,
  `last_name` varchar(50) NOT NULL,
  `middle_initial` varchar(1) DEFAULT NULL,
  `first_name` varchar(50) NOT NULL,
  `hire_date` date DEFAULT NULL,
  `term_date` date DEFAULT NULL,
  `active` tinyint(4) NOT NULL DEFAULT '0',
  `email` varchar(255) NOT NULL,
  `title` varchar(255) NOT NULL,
  `honorific` varchar(10) NOT NULL,
  `suffix` varchar(10) DEFAULT NULL,
  `mail_address` varchar(255) NOT NULL,
  `mail_city` varchar(255) NOT NULL,
  `mail_state` varchar(255) NOT NULL,
  `mail_zip` varchar(255) NOT NULL,
  `work_phone` varchar(255) NOT NULL,
  `home_phone` varchar(255) DEFAULT NULL,
  `mobile_phone` varchar(255) NOT NULL,
  `gender` varchar(1) NOT NULL,
  `clocked_task_code_asgn_id` varchar(255) DEFAULT NULL,
  `clocked_timestamp` datetime DEFAULT NULL,
  `clocked_in` tinyint(4) NOT NULL DEFAULT '0',
  PRIMARY KEY (`id`)
) ENGINE=MyISAM DEFAULT CHARSET=latin1;
/*!40101 SET character_set_client = @saved_cs_client */;

--
-- Dumping data for table `employees`
--

LOCK TABLES `employees` WRITE;
/*!40000 ALTER TABLE `employees` DISABLE KEYS */;
INSERT INTO `employees` VALUES ('EE760207-FD54-269C-C9DCDBCF4949366D','JOLLIS','98BA3C42C6EDD8E34DD14340E70A9FA0','WILLIS','P','JOHN','2010-04-01',NULL,1,'willisjo@zianet.com','FOUNDER','MR.','','905 ALAMO ST.','LAS CRUCES','NM','88001','575-524-1034','575-524-1034','575-649-4318','','98BFF803-E80A-AB98-95FA152E3148FB0B','2012-08-24 22:39:05',0),('F2B02F31-A840-CD01-9E6F9777CD869810','JJJS','D41D8CD98F00B204E9800998ECF8427E','JINGLEHEIMER-SCHMIDT','J','JOHN','1964-01-01',NULL,0,'','POOP SCOOPER','MR.','','','','','','','','','',NULL,NULL,0),('8FECE7AE-0B7D-1913-1C031E8DA48053FE','ANCHOMEX','543E83748234F7CBAB21AA0ADE66565F','GUTIERREZ','R','ANTHONY','2012-08-01',NULL,1,'arguttierrez@gmail.com','HEAD HONCHO','MR.','','513 N. MELENDRES','LAS CRUCES','NM','88005','','','5752020761','','8FFF82EC-CEF3-280C-C98AD410BB7C55CE','2012-08-16 01:01:34',0);
/*!40000 ALTER TABLE `employees` ENABLE KEYS */;
UNLOCK TABLES;

--
-- Table structure for table `milestones`
--

DROP TABLE IF EXISTS `milestones`;
/*!40101 SET @saved_cs_client     = @@character_set_client */;
/*!40101 SET character_set_client = utf8 */;
CREATE TABLE `milestones` (
  `id` varchar(255) NOT NULL,
  `project_id` varchar(255) NOT NULL,
  `milestone_number` int(11) NOT NULL,
  `milestone_name` varchar(255) NOT NULL,
  `floating` tinyint(4) NOT NULL DEFAULT '0',
  `start_date` date NOT NULL,
  `end_date` date NOT NULL,
  `budget` float NOT NULL,
  `end_date_optimistic` date NOT NULL,
  `end_date_pessimistic` date NOT NULL,
  `color` varchar(20) NOT NULL DEFAULT 'green',
  `completed` tinyint(4) NOT NULL DEFAULT '0',
  `percent_complete` int(11) NOT NULL DEFAULT '0',
  PRIMARY KEY (`id`)
) ENGINE=MyISAM DEFAULT CHARSET=latin1;
/*!40101 SET character_set_client = @saved_cs_client */;

--
-- Dumping data for table `milestones`
--

LOCK TABLES `milestones` WRITE;
/*!40000 ALTER TABLE `milestones` DISABLE KEYS */;
INSERT INTO `milestones` VALUES ('FEAC6F67-B827-82C4-5740FE359D50D790','FEAC6DCD-95F7-B8DC-3816B99745BB8B6A',1000,'MISCELLANEOUS TASKS',1,'2012-08-21','2012-08-22',2000,'2012-08-22','2012-08-22','green',0,0),('0062CD8A-EBA8-AE8E-B56392DB8FFB4C8F','0062CD6F-0BE6-9EA2-F477572E3E6DD7EC',1000,'MISCELLANEOUS TASKS',1,'2012-08-21','2012-08-22',2000,'2012-08-22','2012-08-22','green',0,0),('12CC74F7-05C8-53BA-5BA4FCC8A15C084C','0062CD6F-0BE6-9EA2-F477572E3E6DD7EC',1,'TEST MILESTONE',0,'2012-08-21','2012-08-22',2000,'2012-08-22','2012-08-22','green',0,0),('132113F7-F324-0CB6-B7DCA267C1B94521','0062CD6F-0BE6-9EA2-F477572E3E6DD7EC',3,'ANOTHER MILESTONE',0,'2012-08-21','2012-08-22',2000,'2012-08-22','2012-08-22','green',0,0),('179C0634-FB6B-55AE-AFF4B36227D021F4','FEAC6DCD-95F7-B8DC-3816B99745BB8B6A',1,'PREP WORK',0,'2012-08-21','2012-08-22',2000,'2012-08-22','2012-08-22','green',0,0),('18EAB108-AA85-0F17-52CBBD360BD0F3EB','FEAC6DCD-95F7-B8DC-3816B99745BB8B6A',2,'APPLY UPDATES',0,'2012-08-21','2012-08-22',2000,'2012-08-22','2012-08-22','green',0,0),('18F169BA-95B3-37BC-DED1F435B808D612','FEAC6DCD-95F7-B8DC-3816B99745BB8B6A',3,'QA VERIFICATION AND LESSONS LEARNED',0,'2012-08-21','2012-08-22',2000,'2012-08-22','2012-08-22','green',0,0),('5FFEC95D-0168-1807-9097A7B79F56CCC9','5FFEC940-D526-319A-FCAEE5D251892588',1000,'MISCELLANEOUS TASKS',1,'2012-08-21','2012-08-22',2000,'2012-08-22','2012-08-22','green',0,0),('60038BD0-C4FD-1A04-2A2E787CEF078411','5FFEC940-D526-319A-FCAEE5D251892588',1,'ROUGH GRADES STAKED',0,'2012-08-21','2012-08-22',2000,'2012-08-22','2012-08-22','green',0,0),('600FA2FF-DFB9-6D31-2A2F8D429A5C35BD','5FFEC940-D526-319A-FCAEE5D251892588',2,'STAKE BUILDING CORNERS',0,'2012-08-21','2012-08-22',2000,'2012-08-22','2012-08-22','green',0,0),('F7723195-CA20-0D31-19A3E03ABE698B38','F7722F9D-C543-E199-5B8F9ABB6142E8EE',1000,'MISCELLANEOUS TASKS',1,'2012-08-21','2012-08-22',2000,'2012-08-22','2012-08-22','green',0,0),('F782964A-F0E9-BD18-0373511704302787','F782961A-DE5A-8563-D88AD53D8F464AD5',1000,'MISCELLANEOUS TASKS',1,'2012-08-21','2012-08-22',2000,'2012-08-22','2012-08-22','green',0,0),('F788B833-A65D-18D5-6C2B919295F802B2','F788B81E-9DF3-5D81-991236B5443C10EB',1000,'MISCELLANEOUS TASKS',1,'2012-08-21','2012-08-22',2000,'2012-08-22','2012-08-22','green',0,0),('F7906371-C526-A417-AB3340EBD162A731','F790634B-A8B7-E103-FB81928B5C87904B',1000,'MISCELLANEOUS TASKS',1,'2012-08-21','2012-08-22',2000,'2012-08-22','2012-08-22','green',0,0),('F7A05883-EE5B-DF53-4D40BD4F15B7EEC8','F7A0586E-ECCB-4D50-3FB57F2894AB11CF',1000,'MISCELLANEOUS TASKS',1,'2012-08-21','2012-08-22',2000,'2012-08-22','2012-08-22','green',0,0),('F7A4BEB3-9FE2-060F-9BD1A62D62317D9F','F7A4BE9C-C17C-55BD-6D32D5CA98EA250C',1000,'MISCELLANEOUS TASKS',1,'2012-08-21','2012-08-22',2000,'2012-08-22','2012-08-22','green',0,0),('FCBABB19-E451-8DAA-66124D1C96075F5A','F7A0586E-ECCB-4D50-3FB57F2894AB11CF',1,'RESEARCH',0,'2012-08-10','2012-08-19',2000,'2012-08-19','2012-08-19','green',0,0),('003C44FC-009C-C10E-CF0BE3D74E987229','F790634B-A8B7-E103-FB81928B5C87904B',1,'RESEARCH',0,'2012-08-21','2012-08-22',2000,'2012-08-22','2012-08-22','green',0,0),('003EABFC-D5E2-D632-14A9F79C3EFFD57D','F790634B-A8B7-E103-FB81928B5C87904B',2,'FIELD WORK',0,'2012-08-21','2012-08-22',2000,'2012-08-22','2012-08-22','green',0,0),('1FD8C9EE-CFD4-3DC4-7FC08E9E1D8DA5BE','1FD8C9B9-AD0A-DAC1-5313B69F46B36A03',1000,'MISCELLANEOUS TASKS',1,'2012-08-21','2012-08-22',2000,'2012-08-22','2012-08-22','green',0,0),('FCC49E34-DA44-A27E-00D6599F0E0CF485','FCC49E1E-E8D2-813A-F2299047E90B2D36',1000,'MISCELLANEOUS TASKS',1,'2012-08-21','2012-08-21',2000,'2012-08-21','2012-08-21','green',0,0),('FCD04787-95E9-98A4-F8EBCFC8CF5F323D','FCC49E1E-E8D2-813A-F2299047E90B2D36',1,'INITIAL TOPO',0,'2012-08-22','2012-08-24',25000,'2012-08-24','2012-08-24','red',0,0),('FCEBC522-A37B-6B9B-E5E233FF9856984E','FCC49E1E-E8D2-813A-F2299047E90B2D36',3,'SITE GRADING',0,'2012-09-10','2012-09-30',2500,'2012-09-30','2012-09-30','blue',0,0),('FD06056F-D2F9-2314-F997F7F7EECB98B1','FCC49E1E-E8D2-813A-F2299047E90B2D36',2,'DEMOLITION',0,'2012-08-26','2012-09-10',2500,'2012-09-19','2012-09-14','red',0,0),('B9733BA2-DD49-A503-6AD0E5E377CBC9DA','B9733A75-DC90-77FD-D5E01AF49B3BBF47',1000,'MISCELLANEOUS TASKS',1,'2012-08-25','2012-08-25',0,'2012-08-25','2012-08-25','green',0,0),('B97BE5A1-B56A-8D1C-4BE735C1A8F6602C','B97BE545-C032-E687-3DF998338280C434',1000,'MISCELLANEOUS TASKS',1,'2012-08-25','2012-08-25',0,'2012-08-25','2012-08-25','green',0,0),('BAA10F79-0E43-A002-CF52D7E6236A9A74','BAA10F5E-A84C-057F-7C553111747D4E8C',1000,'MISCELLANEOUS TASKS',1,'2012-08-25','2012-08-25',0,'2012-08-25','2012-08-25','green',0,0),('F7DD0671-CD63-29A9-0CD70083CD2A4308','F7DD04B1-FEB1-EA23-7EE3B49E0A7AEA00',1000,'MISCELLANEOUS TASKS',1,'2012-08-26','2012-08-26',0,'2012-08-26','2012-08-26','green',0,0),('F8236569-957E-9BB7-1E701EA3444AD043','F7DD04B1-FEB1-EA23-7EE3B49E0A7AEA00',1,'DEMOLITION',0,'2012-09-10','2012-09-20',20000,'2012-09-20','2012-09-20','green',0,0);
/*!40000 ALTER TABLE `milestones` ENABLE KEYS */;
UNLOCK TABLES;

--
-- Table structure for table `parcel_points`
--

DROP TABLE IF EXISTS `parcel_points`;
/*!40101 SET @saved_cs_client     = @@character_set_client */;
/*!40101 SET character_set_client = utf8 */;
CREATE TABLE `parcel_points` (
  `parcel_id` varchar(255) NOT NULL,
  `latitude` double NOT NULL,
  `longitude` double NOT NULL,
  `id` varchar(255) NOT NULL,
  PRIMARY KEY (`id`)
) ENGINE=MyISAM DEFAULT CHARSET=latin1;
/*!40101 SET character_set_client = @saved_cs_client */;

--
-- Dumping data for table `parcel_points`
--

LOCK TABLES `parcel_points` WRITE;
/*!40000 ALTER TABLE `parcel_points` DISABLE KEYS */;
INSERT INTO `parcel_points` VALUES ('8FE778F9-DD14-B8C5-013715CC53AFCA33',32.3186845234667,-106.764334404755,'8FE77906-E7FF-5538-41BB872A7DA1D8DD'),('8FE778F9-DD14-B8C5-013715CC53AFCA33',32.31882959224,-106.763433182526,'8FE77C32-BDDF-25D9-889A0770C785D5D6'),('8FE778F9-DD14-B8C5-013715CC53AFCA33',32.3183218505168,-106.763390267181,'8FE77C9A-D0C8-8251-039870C5C72183C8'),('902EB3E7-A253-E4E7-407FBD117D81203A',32.3186845234667,-106.764334404755,'902EB3EF-050E-F835-7B69A7E04359F8F3'),('902EB3E7-A253-E4E7-407FBD117D81203A',32.31882959224,-106.763433182526,'902EB3F4-CDDC-1C33-0E064DE77E52D84A'),('902EB3E7-A253-E4E7-407FBD117D81203A',32.3183218505168,-106.763390267181,'902EB3F7-0724-09FD-35563B4FCDAC5C93'),('9064F91F-DF84-3C0C-D272ED8CD120FE6D',32.3034895496484,-106.765646004963,'9064F926-F311-9C97-1CFA9736A5F0561C'),('9064F91F-DF84-3C0C-D272ED8CD120FE6D',32.3035734316293,-106.765240991402,'9064F92C-E150-FA07-5BD6135AB1CD6982'),('9064F91F-DF84-3C0C-D272ED8CD120FE6D',32.3033693942432,-106.765181982803,'9064F930-03FD-DA50-5731241BB4E6603D'),('9064F91F-DF84-3C0C-D272ED8CD120FE6D',32.3032855120734,-106.765581631947,'9064F933-0E5D-D967-ED52504042B98995'),('908B2EC9-9B2C-CCF2-EE558AF41FE6D765',32.3208990636571,-106.765184665012,'908B2ED0-F097-B749-9DEA93E4D7E5A665'),('908B2EC9-9B2C-CCF2-EE558AF41FE6D765',32.3211710607652,-106.764720642853,'908B2ED4-997E-FCAD-4284899B1A8DC009'),('908B2EC9-9B2C-CCF2-EE558AF41FE6D765',32.3209330633403,-106.764500701714,'908B2ED8-09AD-D3B8-7041AE79B8BF915A'),('908B2EC9-9B2C-CCF2-EE558AF41FE6D765',32.3206882653364,-106.7649727705,'908B2EDB-F52D-3516-AA0ECF92691FDDDB'),('91F1290F-F3FE-7D71-60D9C05428C25FC6',32.3174615020781,-106.767787748861,'91F12920-C3DA-F458-1B9922E0FBC776B1'),('91F1290F-F3FE-7D71-60D9C05428C25FC6',32.317504569976,-106.767618769693,'91F129DA-EB40-9CD9-58057B3A97AF9C9F'),('91F1290F-F3FE-7D71-60D9C05428C25FC6',32.3175159036299,-106.766449326563,'91F129E1-BB2B-06CF-44C309717B8B6671'),('91F1290F-F3FE-7D71-60D9C05428C25FC6',32.3170444224285,-106.765878016043,'91F129E9-A26D-5B86-E6D50DD7C5A58F06'),('91F1290F-F3FE-7D71-60D9C05428C25FC6',32.3169514859406,-106.765813643026,'91F129F1-AC7D-68D0-08276081667284EC'),('91F1290F-F3FE-7D71-60D9C05428C25FC6',32.3169900205935,-106.765717083502,'91F129FA-EBC9-DDF2-895FA6580EB75E28'),('91F1290F-F3FE-7D71-60D9C05428C25FC6',32.3174433682202,-106.766162330198,'91F12A01-BA2C-939C-F811A61061F0CC8F'),('91F1290F-F3FE-7D71-60D9C05428C25FC6',32.3173957668261,-106.766224021006,'91F12A09-0855-5B66-F4AE373A0FD04725'),('91F1290F-F3FE-7D71-60D9C05428C25FC6',32.3177448431358,-106.766596848059,'91F12A11-D336-17F0-38BFC97FAE3D8589'),('91F1290F-F3FE-7D71-60D9C05428C25FC6',32.3177743105549,-106.766540521669,'91F12A19-F5CF-1DDB-0FBE4ABE6BD41651'),('91F1290F-F3FE-7D71-60D9C05428C25FC6',32.3182843220591,-106.767063552427,'91F12A21-9971-1B49-A9984E76C2FD4E7B'),('91F1290F-F3FE-7D71-60D9C05428C25FC6',32.3179828489393,-106.767755562353,'91F12A2A-92D6-AF28-BCA04F5B194B1A6B'),('91F1290F-F3FE-7D71-60D9C05428C25FC6',32.3178400455322,-106.767586583185,'91F12A33-E806-2F48-8843F0BE60CA1255'),('91F1290F-F3FE-7D71-60D9C05428C25FC6',32.3177629769333,-106.767618769693,'91F12A3B-9584-01D4-9BBE9F8A5204B8C2'),('91F1290F-F3FE-7D71-60D9C05428C25FC6',32.3176859082688,-106.76773678689,'91F12CF7-DF34-E930-1032664F346904D0'),('91F1290F-F3FE-7D71-60D9C05428C25FC6',32.3176904417215,-106.767916494894,'91F12D04-FE9B-081A-B864854895B1FFB4'),('91F1290F-F3FE-7D71-60D9C05428C25FC6',32.3176088395387,-106.767838710833,'91F12D0C-A78F-64E7-16101F4551BAC6C3'),('91F1290F-F3FE-7D71-60D9C05428C25FC6',32.3175476378534,-106.767929905939,'91F12D14-0755-88E6-E8EF3D233345FF4F'),('91F1290F-F3FE-7D71-60D9C05428C25FC6',32.3174683022741,-106.76784675746,'91F12D1D-95B6-F143-EB2F8AA3035D6A01');
/*!40000 ALTER TABLE `parcel_points` ENABLE KEYS */;
UNLOCK TABLES;

--
-- Table structure for table `parcels`
--

DROP TABLE IF EXISTS `parcels`;
/*!40101 SET @saved_cs_client     = @@character_set_client */;
/*!40101 SET character_set_client = utf8 */;
CREATE TABLE `parcels` (
  `id` varchar(255) NOT NULL,
  `parcel_id` varchar(255) NOT NULL,
  `area_sq_ft` float NOT NULL,
  `area_sq_yd` float NOT NULL,
  `area_acres` float NOT NULL
) ENGINE=MyISAM DEFAULT CHARSET=latin1;
/*!40101 SET character_set_client = @saved_cs_client */;

--
-- Dumping data for table `parcels`
--

LOCK TABLES `parcels` WRITE;
/*!40000 ALTER TABLE `parcels` DISABLE KEYS */;
INSERT INTO `parcels` VALUES ('8FE778F9-DD14-B8C5-013715CC53AFCA33','01-3471-34',26141.3,2904.59,0.6),('902EB3E7-A253-E4E7-407FBD117D81203A','01-3471-34',26141.3,2904.59,0.6),('9064F91F-DF84-3C0C-D272ED8CD120FE6D','03-2471-04',9838.51,1093.17,0.23),('908B2EC9-9B2C-CCF2-EE558AF41FE6D765','',18127.8,2014.21,0.42),('91F1290F-F3FE-7D71-60D9C05428C25FC6','',89399.9,9933.33,2.05);
/*!40000 ALTER TABLE `parcels` ENABLE KEYS */;
UNLOCK TABLES;

--
-- Table structure for table `pay_periods`
--

DROP TABLE IF EXISTS `pay_periods`;
/*!40101 SET @saved_cs_client     = @@character_set_client */;
/*!40101 SET character_set_client = utf8 */;
CREATE TABLE `pay_periods` (
  `id` varchar(255) NOT NULL,
  `start_date` date NOT NULL,
  `end_date` date NOT NULL,
  `closed` tinyint(4) NOT NULL DEFAULT '0',
  PRIMARY KEY (`id`)
) ENGINE=MyISAM DEFAULT CHARSET=latin1;
/*!40101 SET character_set_client = @saved_cs_client */;

--
-- Dumping data for table `pay_periods`
--

LOCK TABLES `pay_periods` WRITE;
/*!40000 ALTER TABLE `pay_periods` DISABLE KEYS */;
INSERT INTO `pay_periods` VALUES ('9279A040-DB61-7F43-B25A5A16D201FAAB','2012-08-24','2012-08-30',0),('9279A047-AF16-80FC-6B037C57CFFAFE57','2012-08-31','2012-09-06',0),('9279A050-BB02-A6A1-FF9AA4460AE45320','2012-09-07','2012-09-13',0),('9279A05A-A832-779F-DC4F6086EFE90D2F','2012-09-14','2012-09-20',0),('9279A066-0819-2C81-5DFBDFDF936E9EAB','2012-09-21','2012-09-27',0),('9279A072-A57D-6AD6-34DA0C8C25358923','2012-09-28','2012-10-04',0),('9279A078-D241-F5C0-0F4E97DFA3FEEFCA','2012-10-05','2012-10-11',0),('9279A083-A9AB-1548-1DED2637377F7ADD','2012-10-12','2012-10-18',0),('9279A08D-E2F0-BF48-C7B9ECA181FBDBBA','2012-10-19','2012-10-25',0),('9279A097-02F7-2F04-F4F8BFF43D0E4F69','2012-10-26','2012-11-01',0),('9279A09F-AF4C-829E-CDBFCD018DFD99EC','2012-11-02','2012-11-08',0),('9279A0A5-C2AD-CF37-446B2841ABD5C244','2012-11-09','2012-11-15',0),('9279A0B2-A8BF-F71D-4D12F4552675AD58','2012-11-16','2012-11-22',0),('9279A0C3-B237-4A8D-2F2CADD218ECEF8D','2012-11-23','2012-11-29',0),('9279A0D5-FE33-515F-567F8ECD7A89AA68','2012-11-30','2012-12-06',0),('9279A0DD-AE61-F35B-9B53E372F96D49A8','2012-12-07','2012-12-13',0),('9279A0EB-F079-94BC-D18F1E8F7156F522','2012-12-14','2012-12-20',0),('9279A0F3-9D9F-42E1-4346FAF93ED6D84F','2012-12-21','2012-12-27',0),('9279A0FF-C31C-EC77-EDE3153D2614EA2F','2012-12-28','2013-01-03',0),('9279A107-F2E0-BC74-3A6D1EFE7CA577E6','2013-01-04','2013-01-10',0),('9279A112-0F51-CE9D-579559FA1A18F97D','2013-01-11','2013-01-17',0),('9279A11A-BE31-94D6-74A9C3983F3ECEB2','2013-01-18','2013-01-24',0),('9279A145-F3AC-4F6B-91ABAC94942CA229','2013-01-25','2013-01-31',0),('9279A14F-EE6C-E529-F8B8BA2A6EA27745','2013-02-01','2013-02-07',0),('9279A158-9C9A-4066-8CB7FCB3ABBD5B1F','2013-02-08','2013-02-14',0),('9279A166-9499-788F-0173FBFFD7245557','2013-02-15','2013-02-21',0),('9279A16F-B31C-13CC-662ECE7A132489F5','2013-02-22','2013-02-28',0),('9279A17E-F2EC-402D-586B63B925721A02','2013-03-01','2013-03-07',0),('9279A185-C23A-2426-958ECFA456E72F52','2013-03-08','2013-03-14',0),('9279A18E-D3DD-84E4-83057EF13FAAA604','2013-03-15','2013-03-21',0),('9279A197-D3F9-A244-DF46A51DAD16BAFD','2013-03-22','2013-03-28',0),('9279A1AB-A156-E007-9AD6A975ECFCF539','2013-03-29','2013-04-04',0),('9279A1B4-03C8-CC1D-850A575005FD0256','2013-04-05','2013-04-11',0),('9279A1BE-CB7F-CAD1-35C211259BDBC514','2013-04-12','2013-04-18',0),('9279A1CB-D351-D110-B151F8DEBD8688EA','2013-04-19','2013-04-25',0),('9279A1D4-F945-F564-B679C182878ABF8D','2013-04-26','2013-05-02',0),('9279A1E2-EB6B-7B90-7FF5EEA50FBE9F8F','2013-05-03','2013-05-09',0),('9279A1EB-9EA5-45B7-05884D7BB1C61403','2013-05-10','2013-05-16',0),('9279A1F4-0B03-8076-0F7AA045B29A1975','2013-05-17','2013-05-23',0),('9279A1FD-BE46-9EAF-30C78066AEF44121','2013-05-24','2013-05-30',0),('9279A20A-C2B7-B73A-E737897EA0E5D8A2','2013-05-31','2013-06-06',0),('9279A213-B485-3F23-07EFCAE19B3AD47A','2013-06-07','2013-06-13',0),('9279A223-A03D-FA5C-FBED3919D93677D0','2013-06-14','2013-06-20',0),('9279A22E-FCD5-2743-3D7B4C6551EF9F2D','2013-06-21','2013-06-27',0),('9279A245-D0F4-9501-3F6BA36C85FE3EA7','2013-06-28','2013-07-04',0),('9279A253-E004-C92E-1749AFDA35CF1193','2013-07-05','2013-07-11',0),('9279A261-FB35-6118-1D2EDC2267A07FA7','2013-07-12','2013-07-18',0),('9279A26E-CF56-1961-C8E334BF36DFE981','2013-07-19','2013-07-25',0),('9279A279-D83D-65EE-E9D56370DA5108C6','2013-07-26','2013-08-01',0),('9279A28C-DF68-65CA-2629AAFE8C69100B','2013-08-02','2013-08-08',0),('9279A29C-FE74-99C3-32F1FF44465A0A0F','2013-08-09','2013-08-15',0),('9279A2A9-9004-189A-5227CD2B96EACE9D','2013-08-16','2013-08-22',0);
/*!40000 ALTER TABLE `pay_periods` ENABLE KEYS */;
UNLOCK TABLES;

--
-- Table structure for table `payroll_event`
--

DROP TABLE IF EXISTS `payroll_event`;
/*!40101 SET @saved_cs_client     = @@character_set_client */;
/*!40101 SET character_set_client = utf8 */;
CREATE TABLE `payroll_event` (
  `id` varchar(255) NOT NULL,
  `employee_id` varchar(255) NOT NULL,
  `charged` date NOT NULL,
  `amount` float NOT NULL DEFAULT '0',
  `paid` tinyint(4) NOT NULL DEFAULT '0',
  `time_entry_date` datetime NOT NULL,
  `description` text NOT NULL,
  PRIMARY KEY (`id`)
) ENGINE=MyISAM DEFAULT CHARSET=latin1;
/*!40101 SET character_set_client = @saved_cs_client */;

--
-- Dumping data for table `payroll_event`
--

LOCK TABLES `payroll_event` WRITE;
/*!40000 ALTER TABLE `payroll_event` DISABLE KEYS */;
/*!40000 ALTER TABLE `payroll_event` ENABLE KEYS */;
UNLOCK TABLES;

--
-- Table structure for table `project_expenses`
--

DROP TABLE IF EXISTS `project_expenses`;
/*!40101 SET @saved_cs_client     = @@character_set_client */;
/*!40101 SET character_set_client = utf8 */;
CREATE TABLE `project_expenses` (
  `id` varchar(255) NOT NULL,
  `element_table` varchar(50) NOT NULL,
  `element_id` varchar(255) NOT NULL,
  `expense_date` date NOT NULL,
  `description` varchar(255) NOT NULL,
  `recipient` varchar(255) NOT NULL,
  `address` varchar(255) NOT NULL,
  `city` varchar(255) NOT NULL,
  `state` varchar(2) NOT NULL,
  `zip` varchar(5) NOT NULL,
  `poc` varchar(255) NOT NULL,
  `amount` float NOT NULL
) ENGINE=MyISAM DEFAULT CHARSET=latin1;
/*!40101 SET character_set_client = @saved_cs_client */;

--
-- Dumping data for table `project_expenses`
--

LOCK TABLES `project_expenses` WRITE;
/*!40000 ALTER TABLE `project_expenses` DISABLE KEYS */;
INSERT INTO `project_expenses` VALUES ('4D0C2D93-F27D-F86F-FB4517FAA9E1D269','tasks','FD49B7E0-DCA4-38AA-A7A99F4B2B6CE96F','2012-08-28','THIS IS A TEST EXPENSE','JOHN WILLIS','905 ALAMO ST.','LAS CRUCES','NM','88001','ANTHONY GUTIERREZ',50),('51F98F2D-9838-058D-9649918E9EF245EE','tasks','FD728368-CC5E-7899-1B240B1A5CD1181D','2012-08-30','THIS IS THE DESCRIPTION','JOHN WILLIS','905 ALAMO ST.','LAS CRUCES','NM','88001','ANTHONY GUTIERREZ',3000),('521F1BF4-FA93-5FE7-99783C581806AF0E','milestones','FCD04787-95E9-98A4-F8EBCFC8CF5F323D','2012-08-23','THIS IS A DESCRIPTION','HOME DEPOT','2120 N. TELSHOR','LAS CRUCES','NM','88011','JOE BROWN',50),('573C1514-0D22-D74C-4CDC2A4D74E6D5F5','milestones','FD06056F-D2F9-2314-F997F7F7EECB98B1','2012-08-28','BUY FLY TRAPS TO RESOLVE INSECT PROBLEM IN DOZER','VENUS FLY TRAPS, INC.','121 HEDER RD.','MILPITAS','CA','91238','JERRY MULLINS',2610.53);
/*!40000 ALTER TABLE `project_expenses` ENABLE KEYS */;
UNLOCK TABLES;

--
-- Table structure for table `project_managers`
--

DROP TABLE IF EXISTS `project_managers`;
/*!40101 SET @saved_cs_client     = @@character_set_client */;
/*!40101 SET character_set_client = utf8 */;
CREATE TABLE `project_managers` (
  `id` varchar(255) NOT NULL,
  PRIMARY KEY (`id`)
) ENGINE=MyISAM DEFAULT CHARSET=latin1;
/*!40101 SET character_set_client = @saved_cs_client */;

--
-- Dumping data for table `project_managers`
--

LOCK TABLES `project_managers` WRITE;
/*!40000 ALTER TABLE `project_managers` DISABLE KEYS */;
INSERT INTO `project_managers` VALUES ('8FECE7AE-0B7D-1913-1C031E8DA48053FE'),('E16A568A-F500-CADB-F6B7578EEE58104E'),('EE66C525-C678-D7EE-2083D7A896E977F6'),('EE760207-FD54-269C-C9DCDBCF4949366D'),('F047A2BB-A246-9FDE-745DC7523377C14E'),('F2678927-0C8D-F1E8-7E66EFA002A88E50');
/*!40000 ALTER TABLE `project_managers` ENABLE KEYS */;
UNLOCK TABLES;

--
-- Table structure for table `projects`
--

DROP TABLE IF EXISTS `projects`;
/*!40101 SET @saved_cs_client     = @@character_set_client */;
/*!40101 SET character_set_client = utf8 */;
CREATE TABLE `projects` (
  `id` varchar(255) NOT NULL,
  `project_number` varchar(12) NOT NULL,
  `project_name` varchar(255) NOT NULL,
  `instructions` text NOT NULL,
  `due_date` date NOT NULL,
  `current_milestone` int(11) NOT NULL DEFAULT '0' COMMENT 'milestone index',
  `customer_id` varchar(255) NOT NULL COMMENT 'FK to customers.id',
  `created_by` varchar(255) NOT NULL COMMENT 'FK to employees.id; indicates employee who created the record',
  `tax_rate` float NOT NULL,
  `start_date` date NOT NULL,
  `budget` float NOT NULL DEFAULT '0',
  `due_date_pessimistic` date NOT NULL,
  `due_date_optimistic` date NOT NULL,
  PRIMARY KEY (`id`)
) ENGINE=MyISAM DEFAULT CHARSET=latin1;
/*!40101 SET character_set_client = @saved_cs_client */;

--
-- Dumping data for table `projects`
--

LOCK TABLES `projects` WRITE;
/*!40000 ALTER TABLE `projects` DISABLE KEYS */;
INSERT INTO `projects` VALUES ('FEAC6DCD-95F7-B8DC-3816B99745BB8B6A','100-20120812','MOODLE UPDATES','APPLY LATEST UPDATES TO MOODLE ON ASTRONAUT TRAINING SERVER','2012-09-01',1,'F5D7B52A-FEC6-3EE3-087210C5182A6F16','EE760207-FD54-269C-C9DCDBCF4949366D',0,'2012-08-21',25000,'2012-09-01','2012-09-01'),('0062CD6F-0BE6-9EA2-F477572E3E6DD7EC','101-20120812','CONLEE ELEMENTARY','DO SOME PAVING STUFF','2012-08-31',1,'F5EDA620-B4D0-39D5-A69C104DAA394AB9','EE760207-FD54-269C-C9DCDBCF4949366D',7.25,'2012-08-21',25000,'2012-08-31','2012-08-31'),('5FFEC940-D526-319A-FCAEE5D251892588','102-20120813','INTERMODAL TRANSIT FACILITY','PROVIDE STAKING AND SURVEYING SERVICES AS NEEDED.','2013-12-31',1,'F5F0C364-9A25-64AE-1AECE6E29EEFD090','EE760207-FD54-269C-C9DCDBCF4949366D',0,'2012-08-21',25000,'2013-12-31','2013-12-31'),('F7722F9D-C543-E199-5B8F9ABB6142E8EE','103-20120816','HOLY CROSS RETREAT CENTER','PROVIDE CONSTRUCTION LAYOUT AND STAKING AS NEEDED.','2012-12-11',1,'F5F0C364-9A25-64AE-1AECE6E29EEFD090','EE760207-FD54-269C-C9DCDBCF4949366D',0,'2012-08-21',25000,'2012-12-11','2012-12-11'),('F782961A-DE5A-8563-D88AD53D8F464AD5','104-20120816','5756 LASSITER','PROVIDE BOUNDARY SURVEY','2012-08-17',1,'F77CC01C-E9B4-FF95-0D0C0231186E2CC2','EE760207-FD54-269C-C9DCDBCF4949366D',0,'2012-08-21',25000,'2012-08-17','2012-08-17'),('F788B81E-9DF3-5D81-991236B5443C10EB','105-20120816','CRESCENT CREEK','STAKE AND FLAG FRONT PROPERTY CORNERS.','2012-08-09',1,'F77CC01C-E9B4-FF95-0D0C0231186E2CC2','EE760207-FD54-269C-C9DCDBCF4949366D',0,'2012-08-21',25000,'2012-08-09','2012-08-09'),('F790634B-A8B7-E103-FB81928B5C87904B','106-20120816','7486 CORTEZ','SUBDIVISION SURVEY','2012-08-20',2,'F77CC01C-E9B4-FF95-0D0C0231186E2CC2','EE760207-FD54-269C-C9DCDBCF4949366D',0,'2012-08-21',25000,'2012-08-20','2012-08-20'),('F7A0586E-ECCB-4D50-3FB57F2894AB11CF','107-20120816','1312 EUGENE','BOUNDARY SURVEY','2012-08-20',1,'F77CC01C-E9B4-FF95-0D0C0231186E2CC2','EE760207-FD54-269C-C9DCDBCF4949366D',0,'2012-08-08',35000,'2012-08-20','2012-08-20'),('F7A4BE9C-C17C-55BD-6D32D5CA98EA250C','108-20120816','9821 EASY LANE','BOUNDARY SURVEY.','2012-08-20',1,'F77CC01C-E9B4-FF95-0D0C0231186E2CC2','EE760207-FD54-269C-C9DCDBCF4949366D',0,'2012-08-21',25000,'2012-08-20','2012-08-20'),('1FD8C9B9-AD0A-DAC1-5313B69F46B36A03','109-20120817','TEST PROJECT','INSTRUCTIONS HERE','2012-12-31',1,'F5F6A23B-EB68-A9D3-26474FF4666854E3','8FECE7AE-0B7D-1913-1C031E8DA48053FE',0,'2012-08-21',25000,'2012-12-31','2012-12-31'),('FCB53AB4-B356-53CD-A3A9F4E96166E3A0','110-20120821','BIG PARKING LOT','BIG PARKING LOT','2013-03-21',1,'F5EDA620-B4D0-39D5-A69C104DAA394AB9','EE760207-FD54-269C-C9DCDBCF4949366D',7,'2012-08-21',100000,'2013-03-21','2013-03-21'),('FCC49E1E-E8D2-813A-F2299047E90B2D36','111-20120821','BIG PARKING LOT','BIG PARKING LOT','2012-09-30',1,'F5EDA620-B4D0-39D5-A69C104DAA394AB9','EE760207-FD54-269C-C9DCDBCF4949366D',0,'2012-08-21',100000,'2012-10-01','2012-09-30'),('B9733A75-DC90-77FD-D5E01AF49B3BBF47','112-20120825','TEST PROJECT 4','TEST','2012-09-30',1,'F5EDA620-B4D0-39D5-A69C104DAA394AB9','EE760207-FD54-269C-C9DCDBCF4949366D',7,'2012-08-24',35000,'2012-09-30','2012-09-30'),('B97BE545-C032-E687-3DF998338280C434','113-20120825','ANOTHER TEST','TEST','2012-12-11',1,'F5EDA620-B4D0-39D5-A69C104DAA394AB9','EE760207-FD54-269C-C9DCDBCF4949366D',30,'2012-08-12',20130.5,'2012-12-11','2012-12-11'),('BAA10F5E-A84C-057F-7C553111747D4E8C','114-20120825','TEST','','2012-08-20',1,'F5EDA620-B4D0-39D5-A69C104DAA394AB9','EE760207-FD54-269C-C9DCDBCF4949366D',6,'2012-08-12',4,'2012-08-20','2012-08-20'),('F7DD04B1-FEB1-EA23-7EE3B49E0A7AEA00','115-20120826','ROADWAY BLUTZ','REPLACE EVERY ROAD IN SITE.','2012-12-30',1,'F7D34CE8-E06E-19A0-B26B5FBDFCDBDAED','8FECE7AE-0B7D-1913-1C031E8DA48053FE',7.1625,'2012-09-10',250000,'2012-12-30','2012-12-30');
/*!40000 ALTER TABLE `projects` ENABLE KEYS */;
UNLOCK TABLES;

--
-- Table structure for table `task_code_assignments`
--

DROP TABLE IF EXISTS `task_code_assignments`;
/*!40101 SET @saved_cs_client     = @@character_set_client */;
/*!40101 SET character_set_client = utf8 */;
CREATE TABLE `task_code_assignments` (
  `id` varchar(255) NOT NULL,
  `task_code_id` varchar(255) NOT NULL,
  `assignment_id` varchar(255) NOT NULL,
  `rate` float NOT NULL DEFAULT '0',
  `billable` tinyint(4) NOT NULL DEFAULT '1',
  `employee_rate` float NOT NULL,
  PRIMARY KEY (`id`)
) ENGINE=MyISAM DEFAULT CHARSET=latin1;
/*!40101 SET character_set_client = @saved_cs_client */;

--
-- Dumping data for table `task_code_assignments`
--

LOCK TABLES `task_code_assignments` WRITE;
/*!40000 ALTER TABLE `task_code_assignments` DISABLE KEYS */;
INSERT INTO `task_code_assignments` VALUES ('5F9E6DCA-0068-8617-E23F6ECB336F959E','261EA442-BE36-F705-9E02F1ADF33A29E9','5F9A2142-CA37-17C1-3FF2555036540F16',30,1,0),('5F9E6DDD-C240-9612-66AF0F0A6CBC8199','26194A72-DA72-273B-A8BF3BB23807C811','5F9A2142-CA37-17C1-3FF2555036540F16',20,0,0),('602ADAAC-D35A-F1B9-94969A8E60E84880','5FF86F78-F567-CD23-C7E9B639EE114ADA','6026BA88-D294-2699-BB555E692850A1C3',20,1,0),('8BE0B5A5-9A65-EB90-7CDA5CDB9DA0E06E','5FF86F78-F567-CD23-C7E9B639EE114ADA','8BDC0CF3-FFA2-749C-71F8BC2585883E30',45,1,20),('8FFF82EC-CEF3-280C-C98AD410BB7C55CE','5FF86F78-F567-CD23-C7E9B639EE114ADA','8FF90FB4-9004-23AB-99986C7298794BA0',30,1,20),('8FFF82FA-993E-7BE9-D13B6E0BC1FDB2D2','8FC31B65-BD28-0D3A-A42560C32CE4ED9E','8FF90FB4-9004-23AB-99986C7298794BA0',40,1,40),('8FFF837C-E069-829C-570B06B75AFF2268','26194A72-DA72-273B-A8BF3BB23807C811','8FF90FB4-9004-23AB-99986C7298794BA0',30,1,15),('FCDA7833-BD21-6337-548E9842776ACD70','FCDA7833-BD21-6337-548E9842776ACD70','FCD5F5B4-DED5-4610-EA6D3BE03A4F7576',40,1,30),('FCDF3701-0478-1860-322FF2CFFC2AF90B','FCC7B7AA-D145-449B-DEDB724901D92C73','FCDE1F3B-FDEE-80A2-AE0FBB56263B1D05',40,1,40),('00543159-B28C-A782-44E0C71E98DB0A3E','00473785-DDD1-A5C7-BE22580F2C4A3F0E','005264BA-9504-31A8-2B31EEE0F50CF2E2',40,1,40),('12BC6168-B87A-FB26-4B173362FFA56B45','FCC7B7AA-D145-449B-DEDB724901D92C73','12B8A80E-A3A9-A11F-FCB5EEFC6828677C',40,1,20),('12BC6180-9424-70B9-C282B9B5B6F38B40','26194A72-DA72-273B-A8BF3BB23807C811','12B8A80E-A3A9-A11F-FCB5EEFC6828677C',40,1,20),('F09D8940-F27B-AF86-4F20B83A6A82F512','2621B38F-AE4E-2F7A-AF71A699BD91C0FB','F09C04F3-9431-E096-65F08CCABDD3C364',40,1,40),('F6056588-9E95-57CA-4441CD13A3B002BC','F6056588-9E95-57CA-4441CD13A3B002BC','F6045AE1-E25E-080C-E05A1212C56FFE5D',3,1,10),('98BFF803-E80A-AB98-95FA152E3148FB0B','FCC7B7AA-D145-449B-DEDB724901D92C73','98BDA673-0CF2-47AE-8DD297D69A60D256',150.25,1,50),('98FAC087-DCCF-89EA-00868F9A35FCF2BA','2621B38F-AE4E-2F7A-AF71A699BD91C0FB','98F9178D-A70F-E59C-CD9D921518434849',50,1,40);
/*!40000 ALTER TABLE `task_code_assignments` ENABLE KEYS */;
UNLOCK TABLES;

--
-- Table structure for table `task_codes`
--

DROP TABLE IF EXISTS `task_codes`;
/*!40101 SET @saved_cs_client     = @@character_set_client */;
/*!40101 SET character_set_client = utf8 */;
CREATE TABLE `task_codes` (
  `id` varchar(255) NOT NULL,
  `task_code` varchar(10) NOT NULL,
  `task_name` varchar(255) NOT NULL,
  `unit_type` varchar(255) NOT NULL,
  PRIMARY KEY (`id`)
) ENGINE=MyISAM DEFAULT CHARSET=latin1;
/*!40101 SET character_set_client = @saved_cs_client */;

--
-- Dumping data for table `task_codes`
--

LOCK TABLES `task_codes` WRITE;
/*!40000 ALTER TABLE `task_codes` DISABLE KEYS */;
INSERT INTO `task_codes` VALUES ('26194A72-DA72-273B-A8BF3BB23807C811','1','RESEARCH','HOUR'),('261EA442-BE36-F705-9E02F1ADF33A29E9','2','PORTAL ADMINISTRATION','HOUR'),('2621B38F-AE4E-2F7A-AF71A699BD91C0FB','3','SYSTEMS ADMINISTRATION','HOUR'),('5FF86F78-F567-CD23-C7E9B639EE114ADA','4','CONSTRUCTION STAKING','HOUR'),('8FC31B65-BD28-0D3A-A42560C32CE4ED9E','5','MEET WITH CUSTOMER','HOUR'),('FCC7B7AA-D145-449B-DEDB724901D92C73','7','CAD DRAFTING','HOUR'),('00473785-DDD1-A5C7-BE22580F2C4A3F0E','6','BOUNDARY SURVEY - FIELD WORK','HOUR');
/*!40000 ALTER TABLE `task_codes` ENABLE KEYS */;
UNLOCK TABLES;

--
-- Table structure for table `tasks`
--

DROP TABLE IF EXISTS `tasks`;
/*!40101 SET @saved_cs_client     = @@character_set_client */;
/*!40101 SET character_set_client = utf8 */;
CREATE TABLE `tasks` (
  `id` varchar(255) NOT NULL,
  `milestone_id` varchar(255) NOT NULL,
  `task_name` varchar(255) NOT NULL,
  `description` text,
  `completed` tinyint(4) NOT NULL DEFAULT '0',
  `ts` timestamp NOT NULL DEFAULT CURRENT_TIMESTAMP ON UPDATE CURRENT_TIMESTAMP,
  `start_date` date NOT NULL,
  `end_date` date NOT NULL,
  `budget` float NOT NULL,
  `end_date_optimistic` date NOT NULL,
  `end_date_pessimistic` date NOT NULL,
  `color` varchar(30) NOT NULL DEFAULT 'blue',
  `percent_complete` int(11) NOT NULL DEFAULT '0',
  PRIMARY KEY (`id`)
) ENGINE=MyISAM DEFAULT CHARSET=latin1;
/*!40101 SET character_set_client = @saved_cs_client */;

--
-- Dumping data for table `tasks`
--

LOCK TABLES `tasks` WRITE;
/*!40000 ALTER TABLE `tasks` DISABLE KEYS */;
INSERT INTO `tasks` VALUES ('18C69721-B86F-629E-CE2A7B77C59992B3','179C0634-FB6B-55AE-AFF4B36227D021F4','RESEARCH LATEST MOODLE UPDATES','VISIT THE MOODLE WEBSITE TO RESEARCH LATEST MOODLE UPDATES AVAILABLE, AS WELL AS PROCEDURES AND BEST PRACTICES FOR PERFORMING THE UPDATE.',1,'2012-08-27 16:41:19','2012-08-22','2012-08-22',0,'2012-08-22','2012-08-22','blue',0),('18CB4C1E-AD97-F70C-AEED30393E7B2A6D','179C0634-FB6B-55AE-AFF4B36227D021F4','BACKUP MYSQL DATABASE','BACK UP THE MYSQL DATABASE ON THE TRAINING SERVER.',1,'2012-08-27 16:41:19','2012-08-22','2012-08-22',0,'2012-08-22','2012-08-22','blue',0),('18D3B519-F20A-634E-21EAB174552BD237','179C0634-FB6B-55AE-AFF4B36227D021F4','BACK UP THE CURRENT MOODLE SOURCE','BACK UP MOODLE SOURCE IN /VAR/WWW/HTML',0,'2012-08-27 16:41:19','2012-08-22','2012-08-22',0,'2012-08-22','2012-08-22','blue',0),('18ECE1AA-D29E-5925-09806D3E73BB76C6','18EAB108-AA85-0F17-52CBBD360BD0F3EB','APPLY MOODLE UPDATES','APPLY UPDATES TO MOODLE',0,'2012-08-27 16:41:19','2012-08-22','2012-08-22',0,'2012-08-22','2012-08-22','blue',0),('18F620EE-D17B-2C87-7FA71CEE68A85592','18F169BA-95B3-37BC-DED1F435B808D612','TEST FUNCTIONALITY','',0,'2012-08-27 16:41:19','2012-08-22','2012-08-22',0,'2012-08-22','2012-08-22','blue',0),('600B7B52-F044-5932-D7B7D535C6151133','60038BD0-C4FD-1A04-2A2E787CEF078411','STAKE ROUGH GRADES','PROVIDE A 50-FOOT GRID OF STAKES USING DTM STAKING SHOWING CUT OR FILL TO SUBGRADE.',0,'2012-08-27 16:41:19','2012-08-22','2012-08-22',0,'2012-08-22','2012-08-22','blue',0),('6015E551-D6FF-C6BA-C2DF364239B568EC','600FA2FF-DFB9-6D31-2A2F8D429A5C35BD','STAKE BUILDING CORNERS','STAKE BUILDING CORNERS WITH CUT OR FILL TO FINISH FLOOR.',0,'2012-08-27 16:41:19','2012-08-22','2012-08-22',0,'2012-08-22','2012-08-22','blue',0),('FCCBE85F-AF1D-5195-BB6A01F7A34C8ED5','FCBABB19-E451-8DAA-66124D1C96075F5A','RESEARCH PROPERTIES','RESEARCH PROPERTIES',0,'2012-08-27 16:41:19','2012-08-21','2012-08-22',0,'2012-08-22','2012-08-22','blue',0),('FCCEB341-EC75-33DD-09BE95FCB8DB1B92','FCBABB19-E451-8DAA-66124D1C96075F5A','DRAFT DEED LAYER','DRAFT THE DEED LAYER',0,'2012-08-27 16:41:19','2012-08-22','2012-08-22',0,'2012-08-22','2012-08-22','blue',0),('0043A036-F3E5-1992-D3DD918EABC9114B','003EABFC-D5E2-D632-14A9F79C3EFFD57D','PERFORM BOUNDARY SURVEY','PERFORM BOUNDARY SURVEY',0,'2012-08-27 16:41:19','2012-08-22','2012-08-22',0,'2012-08-22','2012-08-22','blue',0),('12B0C00F-94D8-A3F8-820F5D519A5EC260','003C44FC-009C-C10E-CF0BE3D74E987229','DRAFT DEED LAYER','DRAFT DEED LAYER',0,'2012-08-27 16:41:19','2012-08-22','2012-08-22',0,'2012-08-22','2012-08-22','blue',0),('98B9B03B-FDB7-1EDF-6D551A6A5390B1C1','003EABFC-D5E2-D632-14A9F79C3EFFD57D','FINISH FIELD WORK','MEASURE AND DRAW IN DWELLING. SHOOT IN STONE BBQ. SHOOT IN BACKYARD GATES.',0,'2012-08-27 16:41:19','2012-08-22','2012-08-22',0,'2012-08-22','2012-08-22','blue',0),('FD49B7E0-DCA4-38AA-A7A99F4B2B6CE96F','FCD04787-95E9-98A4-F8EBCFC8CF5F323D','CREATE JOB IN DATA COLLECTOR','',0,'2012-08-27 16:55:46','2012-08-22','2012-08-23',100,'2012-08-20','2012-08-28','blue',0),('FD50B272-0359-EC5B-9448A254382052AC','FCD04787-95E9-98A4-F8EBCFC8CF5F323D','PERFORM TOPO SURVEY','',0,'2012-08-28 14:10:38','2012-08-23','2012-08-24',500,'2012-08-24','2012-08-24','olive',30),('FD5FBEE1-913F-7091-3D283FAB1BD4B963','FD06056F-D2F9-2314-F997F7F7EECB98B1','DEMOLISH CURB AND SIDEWALK','',0,'2012-08-28 17:57:05','2012-08-25','2012-09-01',4000,'2012-09-01','2012-09-01','red',0),('FD64E7BB-A345-CF2D-85A61F719205D79E','FD06056F-D2F9-2314-F997F7F7EECB98B1','DEMOLISH EXISTING PARKING LOT','',0,'2012-08-28 17:57:05','2012-08-27','2012-09-03',3555,'2012-09-03','2012-09-03','blue',0),('FD728368-CC5E-7899-1B240B1A5CD1181D','FD06056F-D2F9-2314-F997F7F7EECB98B1','DEMOLISH OLD BUILDING','',0,'2012-08-29 18:17:42','2012-09-01','2012-09-09',5000,'2012-09-09','2012-09-09','blue',62),('FD783879-C8C8-294D-1EFFA3F6CBF668BF','FCEBC522-A37B-6B9B-E5E233FF9856984E','CREATE GRADING AND DRAINAGE PLAN','',0,'2012-08-27 18:02:37','2012-09-10','2012-09-13',5000,'2012-09-13','2012-09-13','teal',0),('FD7D8615-C7D1-3DC5-1392130A1CD4582F','FCEBC522-A37B-6B9B-E5E233FF9856984E','STAKE ROUGH GRADES','',0,'2012-08-27 16:41:19','2012-09-14','2012-09-15',500,'2012-09-15','2012-09-15','blue',0),('FD843AEC-9C21-0073-C2F8418C50238062','FCEBC522-A37B-6B9B-E5E233FF9856984E','PERFORM GRADING','',0,'2012-08-27 16:41:19','2012-09-16','2012-09-30',10000,'2012-09-30','2012-09-30','blue',0),('01CE154D-F32A-44A0-95F48A64B3C3D89F','1FD8C9EE-CFD4-3DC4-7FC08E9E1D8DA5BE','TEST TASK','TEST',0,'2012-08-27 16:41:19','2012-08-12','2012-09-09',300,'2012-09-09','2012-09-09','blue',0),('22F914F2-B15A-5339-E7CF81483D60AD1A','FD06056F-D2F9-2314-F997F7F7EECB98B1','REMOVE SIGNPOSTS','NO INSTRUCTIONS',0,'2012-08-27 21:03:45','2012-08-25','2012-08-31',300,'2012-08-28','2012-09-05','aqua',0),('308F2A81-E505-BA64-C2FFA940D379946B','FCC49E34-DA44-A27E-00D6599F0E0CF485','TEST','TEST',0,'2012-08-28 17:57:19','2012-08-27','2012-08-29',3000,'2012-08-28','2012-08-30','black',0),('65BCFA9D-D0E5-B6F8-20E8538F16DCC7CF','FD06056F-D2F9-2314-F997F7F7EECB98B1','DISTURB THE WILDLIFE','GIVE NO QUARTER',0,'2012-08-29 04:10:38','2012-09-02','2012-09-07',300,'2012-09-04','2012-09-09','fuchsia',0);
/*!40000 ALTER TABLE `tasks` ENABLE KEYS */;
UNLOCK TABLES;

--
-- Table structure for table `time_approvers`
--

DROP TABLE IF EXISTS `time_approvers`;
/*!40101 SET @saved_cs_client     = @@character_set_client */;
/*!40101 SET character_set_client = utf8 */;
CREATE TABLE `time_approvers` (
  `id` varchar(255) NOT NULL,
  PRIMARY KEY (`id`)
) ENGINE=MyISAM DEFAULT CHARSET=latin1;
/*!40101 SET character_set_client = @saved_cs_client */;

--
-- Dumping data for table `time_approvers`
--

LOCK TABLES `time_approvers` WRITE;
/*!40000 ALTER TABLE `time_approvers` DISABLE KEYS */;
INSERT INTO `time_approvers` VALUES ('8FECE7AE-0B7D-1913-1C031E8DA48053FE'),('C7E80B2D-EAA5-F86D-F327CE39FEC6AE19'),('E16A568A-F500-CADB-F6B7578EEE58104E'),('EE66C525-C678-D7EE-2083D7A896E977F6'),('EE760207-FD54-269C-C9DCDBCF4949366D'),('F23D6828-F03A-318D-783B183BE847BAD2'),('F2678927-0C8D-F1E8-7E66EFA002A88E50'),('F28AA8C9-0BF3-2CEB-2819E8BA6B8C8189');
/*!40000 ALTER TABLE `time_approvers` ENABLE KEYS */;
UNLOCK TABLES;

--
-- Table structure for table `time_entries`
--

DROP TABLE IF EXISTS `time_entries`;
/*!40101 SET @saved_cs_client     = @@character_set_client */;
/*!40101 SET character_set_client = utf8 */;
CREATE TABLE `time_entries` (
  `task_code_assignment_id` varchar(255) NOT NULL,
  `start_time` datetime NOT NULL,
  `end_time` datetime NOT NULL,
  `approved` tinyint(4) NOT NULL,
  `approver_id` varchar(255) NOT NULL,
  `id` varchar(255) NOT NULL,
  `employee_id` varchar(255) NOT NULL,
  PRIMARY KEY (`id`)
) ENGINE=MyISAM DEFAULT CHARSET=latin1;
/*!40101 SET character_set_client = @saved_cs_client */;

--
-- Dumping data for table `time_entries`
--

LOCK TABLES `time_entries` WRITE;
/*!40000 ALTER TABLE `time_entries` DISABLE KEYS */;
INSERT INTO `time_entries` VALUES ('98BFF803-E80A-AB98-95FA152E3148FB0B','2012-08-24 22:39:05','2012-08-25 09:58:42',0,'','B1111258-C474-AA27-0CE0DF62CAB2DD58','EE760207-FD54-269C-C9DCDBCF4949366D'),('98BFF803-E80A-AB98-95FA152E3148FB0B','2012-08-24 22:39:05','2012-08-25 12:38:02',0,'','B6C3C174-F688-1F9E-DA7BB5E7AD8F4CC7','EE760207-FD54-269C-C9DCDBCF4949366D');
/*!40000 ALTER TABLE `time_entries` ENABLE KEYS */;
UNLOCK TABLES;
/*!40103 SET TIME_ZONE=@OLD_TIME_ZONE */;

/*!40101 SET SQL_MODE=@OLD_SQL_MODE */;
/*!40014 SET FOREIGN_KEY_CHECKS=@OLD_FOREIGN_KEY_CHECKS */;
/*!40014 SET UNIQUE_CHECKS=@OLD_UNIQUE_CHECKS */;
/*!40101 SET CHARACTER_SET_CLIENT=@OLD_CHARACTER_SET_CLIENT */;
/*!40101 SET CHARACTER_SET_RESULTS=@OLD_CHARACTER_SET_RESULTS */;
/*!40101 SET COLLATION_CONNECTION=@OLD_COLLATION_CONNECTION */;
/*!40111 SET SQL_NOTES=@OLD_SQL_NOTES */;

-- Dump completed on 2012-08-29 19:06:22
